{
  "format_version":"1.10.0",
  "minecraft:client_entity":{
    "description":{
      "identifier":"serp:attack",
      "materials":{"default":"entity_emissive_alpha"},
      "textures":{"default":"textures/entity/hoopa_ring"},
      "geometry":{"default":"geometry.attack"},
      "animations":{
    "root":"controller.animation.attack","direction":"animation.pokeball.direction",
    "a-1":"animation.attack.-1","a1":"animation.attack.1","a1h":"animation.attack.1h","a2":"animation.empty","a2h":"animation.attack.2h","a3":"animation.attack.3","a3h":"animation.attack.3h","a4":"animation.empty","a4h":"animation.attack.4h","a5":"animation.empty","a5h":"animation.empty","a6":"animation.empty","a6h":"animation.empty","a7":"animation.empty","a7h":"animation.empty","a8":"animation.empty","a8h":"animation.empty","a9":"animation.empty","a9h":"animation.empty","a10":"animation.empty","a10h":"animation.empty","a11":"animation.attack.11","a11h":"animation.attack.11h","a12":"animation.attack.12","a12h":"animation.attack.12h","a13":"animation.attack.13","a13h":"animation.attack.13h","a14":"animation.attack.14","a14h":"animation.attack.14h","a15":"animation.attack.15","a15h":"animation.attack.15h","a16":"animation.attack.16","a16h":"animation.empty","a17":"animation.empty","a17h":"animation.empty","a18":"animation.empty","a18h":"animation.empty","a19":"animation.empty","a19h":"animation.empty","a20":"animation.empty","a20h":"animation.empty",
    "a21":"animation.empty","a21h":"animation.attack.21h","a22":"animation.attack.22","a22h":"animation.attack.22h","a23":"animation.attack.23","a23h":"animation.attack.23h","a24":"animation.empty","a24h":"animation.attack.24h","a25":"animation.empty","a25h":"animation.attack.25h","a26":"animation.empty","a26h":"animation.empty","a27":"animation.empty","a27h":"animation.empty","a28":"animation.empty","a28h":"animation.empty","a29":"animation.empty","a29h":"animation.empty","a30":"animation.empty","a30h":"animation.empty","a31":"animation.attack.31","a31h":"animation.attack.31h","a32":"animation.attack.32","a32h":"animation.attack.32h","a33":"animation.attack.33","a33h":"animation.attack.33h","a34":"animation.attack.34","a34h":"animation.empty","a35":"animation.empty","a35h":"animation.attack.35h","a36":"animation.empty","a36h":"animation.empty","a37":"animation.empty","a37h":"animation.empty","a38":"animation.empty","a38h":"animation.empty","a39":"animation.empty","a39h":"animation.empty","a40":"animation.empty","a40h":"animation.empty",
    "a41":"animation.empty","a41h":"animation.attack.41h","a42":"animation.empty","a42h":"animation.attack.42h","a43":"animation.attack.43","a43h":"animation.attack.43h","a44":"animation.empty","a44h":"animation.attack.44h","a45":"animation.empty","a45h":"animation.empty","a46":"animation.empty","a46h":"animation.empty","a47":"animation.empty","a47h":"animation.empty","a48":"animation.empty","a48h":"animation.empty","a49":"animation.empty","a49h":"animation.empty","a50":"animation.empty","a50h":"animation.empty","a51":"animation.attack.51","a51h":"animation.attack.51h","a52":"animation.attack.52","a52h":"animation.attack.52h","a53":"animation.empty","a53h":"animation.attack.53h","a54":"animation.attack.54","a54h":"animation.attack.54h","a55":"animation.attack.55","a55h":"animation.attack.55h","a56":"animation.attack.56","a56h":"animation.empty","a57":"animation.empty","a57h":"animation.empty","a58":"animation.empty","a58h":"animation.empty","a59":"animation.empty","a59h":"animation.empty","a60":"animation.empty","a60h":"animation.empty",
    "a61":"animation.empty","a61h":"animation.attack.61h","a62":"animation.empty","a62h":"animation.attack.62h","a63":"animation.attack.63","a63h":"animation.attack.63h","a64":"animation.attack.64","a64h":"animation.attack.64h","a65":"animation.empty","a65h":"animation.empty","a66":"animation.empty","a66h":"animation.empty","a67":"animation.empty","a67h":"animation.empty","a68":"animation.empty","a68h":"animation.empty","a69":"animation.empty","a69h":"animation.empty","a70":"animation.empty","a70h":"animation.empty","a71":"animation.attack.71","a71h":"animation.attack.71h","a72":"animation.attack.72","a72h":"animation.attack.72h","a73":"animation.attack.73","a73h":"animation.attack.73h","a74":"animation.attack.74","a74h":"animation.attack.74h","a75":"animation.attack.75","a75h":"animation.attack.75h","a76":"animation.attack.76","a76h":"animation.attack.76h","a77":"animation.empty","a77h":"animation.empty","a78":"animation.empty","a78h":"animation.empty","a79":"animation.empty","a79h":"animation.empty","a80":"animation.empty","a80h":"animation.empty",
    "a81":"animation.empty","a81h":"animation.attack.81h","a82":"animation.attack.82","a82h":"animation.attack.82h","a83":"animation.attack.83","a83h":"animation.attack.83h","a84":"animation.empty","a84h":"animation.empty","a85":"animation.empty","a85h":"animation.empty","a86":"animation.empty","a86h":"animation.empty","a87":"animation.empty","a87h":"animation.empty","a88":"animation.empty","a88h":"animation.empty","a89":"animation.empty","a89h":"animation.empty","a90":"animation.empty","a90h":"animation.empty","a91":"animation.empty","a91h":"animation.attack.91h","a92":"animation.attack.92","a92h":"animation.attack.92h","a93":"animation.attack.93","a93h":"animation.attack.93h","a94":"animation.attack.94","a94h":"animation.attack.94h","a95":"animation.attack.95","a95h":"animation.attack.95h","a96":"animation.attack.96","a96h":"animation.attack.96h","a97":"animation.empty","a97h":"animation.empty","a98":"animation.empty","a98h":"animation.empty","a99":"animation.empty","a99h":"animation.empty","a100":"animation.empty","a100h":"animation.empty",
    "a101":"animation.attack.101","a101h":"animation.attack.101h","a102":"animation.empty","a102h":"animation.attack.102h","a103":"animation.attack.103","a103h":"animation.attack.103h","a104":"animation.empty","a104h":"animation.attack.104h","a105":"animation.empty","a105h":"animation.attack.105h","a106":"animation.attack.106","a106h":"animation.attack.106h","a107":"animation.empty","a107h":"animation.empty","a108":"animation.empty","a108h":"animation.empty","a109":"animation.empty","a109h":"animation.empty","a110":"animation.empty","a110h":"animation.empty","a111":"animation.attack.111","a111h":"animation.attack.111h","a112":"animation.attack.112","a112h":"animation.attack.112h","a113":"animation.attack.113","a113h":"animation.attack.113h","a114":"animation.attack.114","a114h":"animation.empty","a115":"animation.empty","a115h":"animation.empty","a116":"animation.empty","a116h":"animation.empty","a117":"animation.empty","a117h":"animation.empty","a118":"animation.empty","a118h":"animation.empty","a119":"animation.empty","a119h":"animation.empty","a120":"animation.empty","a120h":"animation.empty",
    "a121":"animation.attack.121","a121h":"animation.attack.121h","a122":"animation.empty","a122h":"animation.attack.122h","a123":"animation.attack.123","a123h":"animation.attack.123h","a124":"animation.empty","a124h":"animation.attack.124h","a125":"animation.empty","a125h":"animation.attack.125h","a126":"animation.empty","a126h":"animation.empty","a127":"animation.empty","a127h":"animation.empty","a128":"animation.empty","a128h":"animation.empty","a129":"animation.empty","a129h":"animation.empty","a130":"animation.empty","a130h":"animation.empty","a131":"animation.attack.131","a131h":"animation.attack.131h","a132":"animation.attack.132","a132h":"animation.attack.132h","a133":"animation.attack.133","a133h":"animation.attack.133h","a134":"animation.attack.134","a134h":"animation.attack.134h","a135":"animation.attack.135","a135h":"animation.attack.135h","a136":"animation.empty","a136h":"animation.empty","a137":"animation.empty","a137h":"animation.empty","a138":"animation.empty","a138h":"animation.empty","a139":"animation.empty","a139h":"animation.empty","a140":"animation.empty","a140h":"animation.empty",
    "a141":"animation.empty","a141h":"animation.attack.141h","a142":"animation.empty","a142h":"animation.attack.142h","a143":"animation.empty","a143h":"animation.attack.143h","a144":"animation.attack.144","a144h":"animation.attack.144h","a145":"animation.attack.145","a145h":"animation.attack.145h","a146":"animation.empty","a146h":"animation.empty","a147":"animation.empty","a147h":"animation.empty","a148":"animation.empty","a148h":"animation.empty","a149":"animation.empty","a149h":"animation.empty","a150":"animation.empty","a150h":"animation.empty","a151":"animation.attack.151","a151h":"animation.attack.151h","a152":"animation.attack.152","a152h":"animation.attack.152h","a153":"animation.attack.153","a153h":"animation.attack.153h","a154":"animation.empty","a154h":"animation.attack.154h","a155":"animation.attack.155","a155h":"animation.empty","a156":"animation.empty","a156h":"animation.empty","a157":"animation.empty","a157h":"animation.empty","a158":"animation.empty","a158h":"animation.empty","a159":"animation.empty","a159h":"animation.empty","a160":"animation.empty","a160h":"animation.empty",
    "a161":"animation.empty","a161h":"animation.attack.161h","a162":"animation.attack.162","a162h":"animation.attack.162h","a163":"animation.empty","a163h":"animation.attack.163h","a164":"animation.empty","a164h":"animation.attack.164h","a165":"animation.empty","a165h":"animation.attack.165h","a166":"animation.empty","a166h":"animation.empty","a167":"animation.empty","a167h":"animation.empty","a168":"animation.empty","a168h":"animation.empty","a169":"animation.empty","a169h":"animation.empty","a170":"animation.empty","a170h":"animation.empty","a171":"animation.attack.171","a171h":"animation.attack.171h","a172":"animation.attack.172","a172h":"animation.attack.172h","a173":"animation.attack.173","a173h":"animation.attack.173h","a174":"animation.attack.174","a174h":"animation.attack.174h","a175":"animation.attack.175","a175h":"animation.attack.175h","a176":"animation.empty","a176h":"animation.empty","a177":"animation.empty","a177h":"animation.empty","a178":"animation.empty","a178h":"animation.empty","a179":"animation.empty","a179h":"animation.empty","a180":"animation.empty","a180h":"animation.empty",
    "a181":"animation.attack.181","a181h":"animation.attack.181h","a182":"animation.attack.182","a182h":"animation.attack.182h","a183":"animation.attack.183","a183h":"animation.attack.183h","a184":"animation.attack.184","a184h":"animation.attack.184h","a185":"animation.empty","a185h":"animation.empty","a186":"animation.empty","a186h":"animation.empty","a187":"animation.empty","a187h":"animation.empty","a188":"animation.empty","a188h":"animation.empty","a189":"animation.empty","a189h":"animation.empty","a190":"animation.empty","a190h":"animation.empty","a191":"animation.attack.191","a191h":"animation.empty","a192":"animation.attack.192","a192h":"animation.empty","a193":"animation.attack.193","a193h":"animation.attack.193h","a194":"animation.attack.194","a194h":"animation.attack.194h","a195":"animation.attack.195","a195h":"animation.attack.195h","a196":"animation.attack.196","a196h":"animation.attack.196h","a197":"animation.empty","a197h":"animation.empty","a198":"animation.empty","a198h":"animation.empty","a199":"animation.empty","a199h":"animation.empty","a200":"animation.empty","a200h":"animation.empty",
    "a201":"animation.attack.201","a201h":"animation.attack.201h","a202":"animation.empty","a202h":"animation.attack.202h","a203":"animation.attack.203","a203h":"animation.attack.203h","a204":"animation.attack.204","a204h":"animation.attack.204h","a205":"animation.empty","a205h":"animation.empty","a206":"animation.empty","a206h":"animation.empty","a207":"animation.empty","a207h":"animation.empty","a208":"animation.empty","a208h":"animation.empty","a209":"animation.empty","a209h":"animation.empty","a210":"animation.empty","a210h":"animation.empty","a211":"animation.attack.211","a211h":"animation.attack.211h","a212":"animation.attack.212","a212h":"animation.attack.212h","a213":"animation.attack.213","a213h":"animation.attack.213h","a214":"animation.attack.214","a214h":"animation.empty","a215":"animation.attack.215","a215h":"animation.attack.215h","a216":"animation.attack.216","a216h":"animation.attack.216h","a217":"animation.empty","a217h":"animation.empty","a218":"animation.empty","a218h":"animation.empty","a219":"animation.empty","a219h":"animation.empty","a220":"animation.empty","a220h":"animation.empty",
    "a221":"animation.attack.221","a221h":"animation.attack.221h","a222":"animation.empty","a222h":"animation.attack.222h","a223":"animation.empty","a223h":"animation.attack.223h","a224":"animation.attack.224","a224h":"animation.attack.224h","a225":"animation.attack.225","a225h":"animation.attack.225h","a226":"animation.attack.226","a226h":"animation.attack.226h","a227":"animation.empty","a227h":"animation.empty","a228":"animation.empty","a228h":"animation.empty","a229":"animation.empty","a229h":"animation.empty","a230":"animation.empty","a230h":"animation.empty","a231":"animation.attack.231","a231h":"animation.attack.231h","a232":"animation.attack.232","a232h":"animation.attack.232h","a233":"animation.attack.233","a233h":"animation.attack.233h","a234":"animation.attack.234","a234h":"animation.attack.234h","a235":"animation.empty","a235h":"animation.empty","a236":"animation.empty","a236h":"animation.empty","a237":"animation.empty","a237h":"animation.empty","a238":"animation.empty","a238h":"animation.empty","a239":"animation.empty","a239h":"animation.empty","a240":"animation.empty","a240h":"animation.empty",
    "a241":"animation.empty","a241h":"animation.attack.241h","a242":"animation.empty","a242h":"animation.attack.242h","a243":"animation.attack.243","a243h":"animation.attack.243h","a244":"animation.attack.244","a244h":"animation.attack.244h","a245":"animation.empty","a245h":"animation.empty","a246":"animation.empty","a246h":"animation.attack.246h","a247":"animation.empty","a247h":"animation.empty","a248":"animation.empty","a248h":"animation.empty","a249":"animation.empty","a249h":"animation.empty","a250":"animation.empty","a250h":"animation.empty","a251":"animation.empty","a251h":"animation.empty","a252":"animation.attack.252","a252h":"animation.attack.252h","a253":"animation.attack.253","a253h":"animation.attack.253h","a254":"animation.empty","a254h":"animation.empty","a255":"animation.empty","a255h":"animation.empty","a256":"animation.empty","a256h":"animation.empty","a257":"animation.attack.257","a257h":"animation.empty","a258":"animation.empty","a258h":"animation.empty","a259":"animation.empty","a259h":"animation.empty","a260":"animation.empty","a260h":"animation.empty",
    "a261":"animation.empty","a261h":"animation.attack.261h","a262":"animation.attack.262","a262h":"animation.attack.262h","a263":"animation.attack.263","a263h":"animation.attack.263h","a264":"animation.empty","a264h":"animation.attack.264h","a265":"animation.empty","a265h":"animation.empty","a266":"animation.empty","a266h":"animation.empty","a267":"animation.empty","a267h":"animation.empty","a268":"animation.empty","a268h":"animation.empty","a269":"animation.empty","a269h":"animation.empty","a270":"animation.empty","a270h":"animation.empty","a271":"animation.attack.271","a271h":"animation.attack.271h","a272":"animation.attack.272","a272h":"animation.attack.272h","a273":"animation.attack.273","a273h":"animation.attack.273h","a274":"animation.attack.274","a274h":"animation.empty","a275":"animation.attack.275","a275h":"animation.attack.275h","a276":"animation.empty","a276h":"animation.attack.276h","a277":"animation.empty","a277h":"animation.empty","a278":"animation.empty","a278h":"animation.empty","a279":"animation.empty","a279h":"animation.empty","a280":"animation.empty","a280h":"animation.empty",
    "a281":"animation.empty","a281h":"animation.attack.281h","a282":"animation.empty","a282h":"animation.attack.282h","a283":"animation.attack.283","a283h":"animation.attack.283h","a284":"animation.empty","a284h":"animation.attack.284h","a285":"animation.empty","a285h":"animation.empty","a286":"animation.empty","a286h":"animation.empty","a287":"animation.empty","a287h":"animation.empty","a288":"animation.empty","a288h":"animation.empty","a289":"animation.empty","a289h":"animation.empty","a290":"animation.empty","a290h":"animation.empty","a291":"animation.attack.291","a291h":"animation.attack.291h","a292":"animation.attack.292","a292h":"animation.attack.292h","a293":"animation.attack.293","a293h":"animation.attack.293h","a294":"animation.attack.294","a294h":"animation.attack.294h","a295":"animation.empty","a295h":"animation.attack.295h","a296":"animation.empty","a296h":"animation.empty","a297":"animation.empty","a297h":"animation.empty","a298":"animation.empty","a298h":"animation.empty","a299":"animation.empty","a299h":"animation.empty","a300":"animation.empty","a300h":"animation.empty",
    "a301":"animation.attack.301","a301h":"animation.attack.31h","a302":"animation.attack.302","a302h":"animation.attack.302h","a303":"animation.empty","a303h":"animation.attack.303h","a304":"animation.empty","a304h":"animation.attack.304h","a305":"animation.attack.305","a305h":"animation.attack.305h","a306":"animation.attack.306","a306h":"animation.attack.306h","a307":"animation.empty","a307h":"animation.empty","a308":"animation.empty","a308h":"animation.empty","a309":"animation.empty","a309h":"animation.empty","a310":"animation.empty","a310h":"animation.empty","a311":"animation.attack.311","a311h":"animation.attack.311h","a312":"animation.attack.312","a312h":"animation.attack.312h","a313":"animation.attack.313","a313h":"animation.attack.313h","a314":"animation.attack.314","a314h":"animation.empty","a315":"animation.empty","a315h":"animation.empty","a316":"animation.empty","a316h":"animation.empty","a317":"animation.empty","a317h":"animation.empty","a318":"animation.empty","a318h":"animation.empty","a319":"animation.empty","a319h":"animation.empty","a320":"animation.empty","a320h":"animation.empty",
    "a321":"animation.empty","a321h":"animation.attack.321h","a322":"animation.attack.322","a322h":"animation.attack.322h","a323":"animation.empty","a323h":"animation.attack.323h","a324":"animation.empty","a324h":"animation.attack.324h","a325":"animation.empty","a325h":"animation.attack.325h","a326":"animation.attack.326","a326h":"animation.attack.326h","a327":"animation.empty","a327h":"animation.empty","a328":"animation.empty","a328h":"animation.empty","a329":"animation.empty","a329h":"animation.empty","a330":"animation.empty","a330h":"animation.empty","a331":"animation.empty","a331h":"animation.empty","a332":"animation.attack.332","a332h":"animation.attack.332h","a333":"animation.attack.333","a333h":"animation.attack.333h","a334":"animation.empty","a334h":"animation.empty","a335":"animation.empty","a335h":"animation.empty","a336":"animation.empty","a336h":"animation.empty","a337":"animation.empty","a337h":"animation.empty","a338":"animation.empty","a338h":"animation.empty","a339":"animation.empty","a339h":"animation.empty","a340":"animation.empty","a340h":"animation.empty",
    "a341":"animation.attack.341","a341h":"animation.attack.341h","a342":"animation.attack.342","a342h":"animation.attack.342h","a343":"animation.empty","a343h":"animation.attack.343h","a344":"animation.empty","a344h":"animation.empty","a345":"animation.empty","a345h":"animation.empty","a346":"animation.empty","a346h":"animation.empty","a347":"animation.empty","a347h":"animation.empty","a348":"animation.empty","a348h":"animation.empty","a349":"animation.empty","a349h":"animation.empty","a350":"animation.empty","a350h":"animation.empty","a351":"animation.attack.351","a351h":"animation.attack.351h","a352":"animation.attack.352","a352h":"animation.attack.352h","a353":"animation.attack.353","a353h":"animation.attack.353h","a354":"animation.attack.354","a354h":"animation.attack.354h","a355":"animation.attack.355","a355h":"animation.attack.355h","a356":"animation.empty","a356h":"animation.attack.356h","a357":"animation.attack.357","a357h":"animation.attack.357h","a358":"animation.empty","a358h":"animation.empty","a359":"animation.empty","a359h":"animation.empty","a360":"animation.empty","a360h":"animation.empty",
    "a1000":"animation.attack.1000","a1000h":"animation.attack.1000h","a1001":"animation.attack.1001","a1001h":"animation.attack.1001h","a1002":"animation.attack.1002","a1002h":"animation.attack.1002h","a1003":"animation.attack.1003","a1003h":"animation.attack.1003h","a1004":"animation.attack.1004","a1004h":"animation.attack.1004h",
    "a2000":"animation.attack.2000","a2000h":"animation.attack.2000h","a2001":"animation.attack.2001","a2001h":"animation.attack.2001h","a2002":"animation.attack.2002","a2002h":"animation.attack.2002h","a2003":"animation.attack.2003","a2003h":"animation.attack.2003h","a2004":"animation.attack.2004","a2004h":"animation.attack.2004h","a2005":"animation.attack.2005","a2005h":"animation.attack.2005h","a2006":"animation.attack.2006","a2006h":"animation.attack.2006h","a2007":"animation.attack.2007","a2007h":"animation.attack.2007h","a2008":"animation.attack.2008","a2008h":"animation.attack.2008h","a2009":"animation.attack.2009","a2009h":"animation.attack.2009h","a2010":"animation.attack.2010","a2010h":"animation.attack.2010h","a2011":"animation.attack.2011","a2011h":"animation.attack.2011h","a2012":"animation.attack.2012","a2012h":"animation.attack.2012h","a2013":"animation.attack.2013","a2013h":"animation.attack.2013h","a2014":"animation.attack.2014","a2014h":"animation.attack.2014h","a2015":"animation.attack.2015","a2015h":"animation.attack.2015h","a2016":"animation.attack.2016","a2016h":"animation.attack.2016h","a2017":"animation.attack.2017","a2017h":"animation.attack.2017h","a2018":"animation.attack.2018","a2018h":"animation.attack.2018h","a2019":"animation.attack.2019","a2019h":"animation.empty"
      },
      "particle_effects":{
    "return_tail":"serp:return_tail",
    "fury_cut":"serp:fury_cut",
    "horn":"serp:horn",
    "fell_stinger":"serp:fell_stinger",
    "struggle_bug":"serp:struggle_bug",
    "silver_wind":"serp:silver_wind",
    "bug_buzz":"serp:bug_buzz",
    "defend_order":"serp:defend_order",
    "string_shot":"serp:string_shot",
    "string_shot_hit":"serp:string_shot_hit",
    "quiver_dance":"serp:quiver_dance",
    "assurance":"serp:assurance",
    "punch":"serp:punch",
    "night_slash":"serp:night_slash",
    "bite":"serp:bite",
    "crunch":"serp:crunch",
    "night_daze":"serp:night_daze",
    "hone_claws":"serp:hone_claws",
    "flatter":"serp:flatter",
    "dragon_claw":"serp:dragon_claw",
    "draco_meteor":"serp:draco_meteor",
    "thunder":"serp:thunder",
    "thunderbolt":"serp:thunderbolt",
    "thunder_wave":"serp:thunder_wave",
    "electroweb":"serp:electroweb",
    "parabolic_charge":"serp:parabolic_charge",
    "draining_kiss":"serp:draining_kiss",
    "dazzling_gleam":"serp:dazzling_gleam",
    "moonblast":"serp:moonblast",
    "fairy_light":"serp:fairy_light",
    "babydoll_eyes":"serp:babydoll_eyes",
    "karate_chop":"serp:karate_chop",
    "cross_chop":"serp:cross_chop",
    "sky_uppercut":"serp:sky_uppercut",
    "hammer_arm":"serp:hammer_arm",
    "vacuum_wave":"serp:vacuum_wave",
    "aura_sphere":"serp:aura_sphere",
    "focus_blast":"serp:focus_blast",
    "flame_charge":"serp:flame_charge",
    "blaze_kick":"serp:blaze_kick",
    "acrobatics":"serp:acrobatics",
    "gust":"serp:gust",
    "wing_attack":"serp:wing_attack",
    "air_cutter":"serp:air_cutter",
    "fire_blast":"serp:fire_blast",
    "lick":"serp:lick",
    "shadow_claw":"serp:shadow_claw",
    "shadow_ball":"serp:shadow_ball",
    "leafage":"serp:leafage",
    "rotating_leaf":"serp:leaf_360",
    "leaf_center":"serp:leaf_center",
    "leaf_cut":"serp:leaf_cut",
    "short_seed":"serp:short_seed_tail",
    "heal_big":"serp:heal_big",
    "heal_big_2":"serp:heal_big_2",
    "leaf_storm":"serp:leaf_storm",
    "energy_ball":"serp:energy_ball",
    "energy_d_out":"serp:energy_d_out",
    "energy_d_in":"serp:energy_d_in",
    "yellow_spore":"serp:yellow_spore",
    "yellow_spore_small":"serp:yellow_spore_small",
    "blue_spore":"serp:blue_spore",
    "blue_spore_small":"serp:blue_spore_small",
    "ground_out":"serp:ground_attack",
    "ground_center":"serp:ground_attack_center",
    "horseshoe":"serp:horseshoe",
    "sand":"serp:sand_particle",
    "sand_big":"serp:sand_big",
    "eruption":"serp:eruption",
    "icicle_crash":"serp:icicle_crash",
    "icicle_spear":"serp:icicle_spear",
    "ice_dust":"serp:ice_dust",
    "ice_dust_big":"serp:ice_dust_big",
    "ice_beam":"serp:ice_beam",
    "aurora_beam":"serp:aurora_beam",
    "white_aura":"serp:white_aura",
    "claw":"serp:claw",
    "false_swipe":"serp:false_swipe",
    "explosion":"serp:explosion",
    "explosion_sphere":"serp:explosion_sphere",
    "stars_360":"serp:stars_360",
    "heart":"serp:heart",
    "hyper_beam":"serp:hyper_beam",
    "growl":"serp:growl",
    "gunk_shot":"serp:gunk_shot",
    "purple_spore":"serp:purple_spore",
    "purple_spore_small":"serp:purple_spore_small",
    "smog":"serp:smog",
    "poison_x":"serp:poison_x",
    "psychic_cut":"serp:psychic_cut",
    "long_heart_tail":"serp:long_heart_tail",
    "psychic_out":"serp:psychic_out",
    "psychic_center":"serp:psychic_center",
    "psychic_out_tail":"serp:psychic_out_tail",
    "psychic_center_xz":"serp:psychic_center_xz",
    "energy_psychic":"serp:energy_psychic",
    "sleeping":"serp:sleeping",
    "sleeping2":"serp:sleeping2",
    "rock_fall":"serp:rock_fall",
    "stone_edge":"serp:stone_edge",
    "magic_rocks":"serp:magic_rocks",
    "polish":"serp:polish",
    "power_gem":"serp:power_gem",
    "flash_cannon":"serp:flash_cannon",
    "metal_laser":"serp:metal_laser",
    "hydro_pump":"serp:hydro_pump",
    "water_out":"serp:water_out",
    "water_center":"serp:water_center",
    "mud_water_out":"serp:mud_water_out",
    "mud_water_center":"serp:mud_water_center",
    "short_bubble_tail":"serp:short_bubble_tail",
    "waterfall":"serp:waterfall",
    "water_pulse":"serp:water_pulse",
    "dark_hit":"serp:dark_hit",
    "normal_hit":"serp:normal_hit",
    "extra_hurt":"serp:extra_hurt",
    "stars_tail":"serp:stars_tail",
    "dark_clouds":"serp:dark_clouds",
    "max_dark_clouds":"serp:max_dark_clouds",
    "ground_clouds":"serp:ground_clouds",
    "tiny_smoke_attack":"serp:tiny_smoke_attack",
    "medium_smoke_attack":"serp:medium_smoke_attack",
    "medium_1_explosion":"serp:medium_bug_explosion",
    "big_1_explosion":"serp:big_bug_explosion",
    "short_2_tail":"serp:short_dark_tail",
    "medium_2_explosion":"serp:medium_dark_explosion",
    "long_2_tail":"serp:long_dark_tail",
    "big_2_explosion":"serp:big_dark_explosion",
    "short_3_tail":"serp:short_dragon_tail",
    "medium_3_explosion":"serp:medium_dragon_explosion",
    "long_3_tail":"serp:long_dragon_tail",
    "big_3_explosion":"serp:big_dragon_explosion",
    "short_4_tail":"serp:short_electric_tail",
    "medium_4_explosion":"serp:medium_electric_explosion",
    "long_4_tail":"serp:long_electric_tail",
    "big_4_explosion":"serp:big_electric_explosion",
    "short_5_tail":"serp:short_fairy_tail",
    "medium_5_explosion":"serp:medium_fairy_explosion",
    "long_5_tail":"serp:long_fairy_tail",
    "big_5_explosion":"serp:big_fairy_explosion",
    "short_6_tail":"serp:short_fighting_tail",
    "medium_6_explosion":"serp:medium_fighting_explosion",
    "long_6_tail":"serp:long_fighting_tail",
    "big_6_explosion":"serp:big_fighting_explosion",
    "short_7_tail":"serp:short_fire_tail",
    "medium_7_explosion":"serp:medium_fire_explosion",
    "long_7_tail":"serp:long_fire_tail",
    "big_7_explosion":"serp:big_fire_explosion",
    "short_8_tail":"serp:short_flying_tail",
    "medium_8_explosion":"serp:medium_flying_explosion",
    "long_8_tail":"serp:long_flying_tail",
    "big_8_explosion":"serp:big_flying_explosion",
    "short_9_tail":"serp:short_ghost_tail",
    "medium_9_explosion":"serp:medium_ghost_explosion",
    "long_9_tail":"serp:long_ghost_tail",
    "big_9_explosion":"serp:big_ghost_explosion",
    "medium_10_explosion":"serp:medium_grass_explosion",
    "short_11_tail":"serp:short_ground_tail",
    "long_11_tail":"serp:long_ground_tail",
    "short_12_tail":"serp:short_ice_tail",
    "medium_12_explosion":"serp:medium_ice_explosion",
    "big_12_explosion":"serp:big_ice_explosion",
    "long_14_tail":"serp:long_poison_tail",
    "medium_14_explosion":"serp:medium_poison_explosion",
    "big_14_explosion":"serp:big_poison_explosion",
    "medium_15_explosion":"serp:medium_psychic_explosion",
    "long_15_tail":"serp:long_psychic_tail",
    "short_16_tail":"serp:short_rock_tail",
    "long_16_tail":"serp:long_rock_tail",
    "medium_16_explosion":"serp:medium_rock_explosion",
    "big_16_explosion":"serp:big_rock_explosion",
    "medium_17_explosion":"serp:medium_steel_explosion",
    "big_17_explosion":"serp:big_steel_explosion",
    "medium_18_explosion":"serp:medium_water_explosion",
    "big_18_explosion":"serp:big_water_explosion",
    "short_18_tail":"serp:short_water_tail",
    "long_18_tail":"serp:long_water_tail",
    "max_bug":"serp:max_bug",
    "max_bug_hit":"serp:max_bug_hit",
    "max_dark":"serp:max_dark",
    "max_draco":"serp:max_draco",
    "max_electric":"serp:max_electric",
    "max_electric_hit":"serp:max_electric_hit",
    "max_fairy":"serp:max_fairy",
    "max_fairy_hit":"serp:max_fairy_hit",
    "max_fight":"serp:max_fight",
    "max_fire":"serp:max_fire",
    "max_flying":"serp:max_flying",
    "max_ghost":"serp:max_ghost",
    "max_grass":"serp:max_grass",
    "max_petals":"serp:max_petals",
    "max_grass_hit":"serp:max_grasss_hit",
    "max_barrier":"serp:max_barrier"
      },
      "scripts":{"animate":["root","direction"]},
      "render_controllers":["controller.render.serp_general"]
    }
  }
} 