{
  "format_version":"1.10.0",
  "minecraft:client_entity":{
    "description":{
      "identifier":"serp:ball_thrown",
      "materials":{"default":"entity_emissive_alpha"},
      "textures":{
    "pokeball":"textures/entity/pokeballs/pokeball",
    "greatball":"textures/entity/pokeballs/greatball",
    "ultraball":"textures/entity/pokeballs/ultraball",
    "masterball":"textures/entity/pokeballs/masterball",
    "beastball":"textures/entity/pokeballs/beastball",
    "diveball":"textures/entity/pokeballs/diveball",
    "dreamball":"textures/entity/pokeballs/dreamball",
    "duskball":"textures/entity/pokeballs/duskball",
    "fastball":"textures/entity/pokeballs/fastball",
    "friendball":"textures/entity/pokeballs/friendball",
    "healball":"textures/entity/pokeballs/healball",
    "heavyball":"textures/entity/pokeballs/heavyball",
    "lureball":"textures/entity/pokeballs/lureball",
    "luxuryball":"textures/entity/pokeballs/luxuryball",
    "moonball":"textures/entity/pokeballs/moonball",
    "nestball":"textures/entity/pokeballs/nestball",
    "netball":"textures/entity/pokeballs/netball",
    "parkball":"textures/entity/pokeballs/parkball",
    "premierball":"textures/entity/pokeballs/premierball",
    "safariball":"textures/entity/pokeballs/safariball",
    "timerball":"textures/entity/pokeballs/timerball"
      },
      "geometry":{"default":"geometry.serppokeball"},
      "animations":{
    "spawn":"animation.pokeball.spawn",
    "direction":"animation.pokeball.direction",
    "direction2":"animation.pokeball.direction2",
    "healing":"animation.pokeball.healing",
    "spawning":"animation.pokeball.spawning"
      },
      "scripts":{"scale":"0.4","animate":[{"spawn":"q.is_chested"},{"direction":"q.is_chested"},{"direction2":"!q.is_chested&&(q.variant!=1)"},{"healing":"q.variant==1"},{"spawning":"q.variant==2"}]},
      "sound_effects":{
    "spawn":"serp.pokeball.throw",
    "ball_pop":"serp.pokeball.ball_pop",
    "pop":"serp.pokeball.pop",
    "wiggle":"serp.pokeball.wiggle",
    "catch":"serp.pokeball.catch",
    "enter":"serp.pokeball.enter",
    "free":"serp.pokeball.free",
    "spawning":"serp.pokeball.spawn"
      },
      "particle_effects":{
    "capturing":"serp:back",
    "capture1":"serp:capture1",
    "capture2":"serp:capture2"
      },
      "render_controllers":[{"controller.render.ball_thrown":"q.property('serp:pokeball')!=0"}]
    }
  }
}