{
  "format_version":"1.10.0",
  "minecraft:client_entity":{
    "description":{
      "identifier":"serp:healing_machine",
      "materials":{"default":"entity_emissive_alpha","sparks":"charged_creeper"},
      "textures":{
    "off":"textures/entity/healing_machine/healing_machine_off",
    "on":"textures/entity/healing_machine/healing_machine_on",
    "sparks":"textures/entity/healing_machine/sparks"
      },
      "geometry":{
    "default":"geometry.serphealer",
    "sparks":"geometry.serphealer_sparks"
      },
      "particle_effects":{
    "heal":"serp:heal",
    "heal_ball":"serp:heal_ball"
      },
      "scripts":{
    "scale":"1.2",
    "animate":["heal"]
      },
      "animations":{
    "heal":"controller.animation.heal"
      },
      "render_controllers":["controller.render.healer","controller.render.healer_sparks"]
    }
  }
}