{
  "format_version":"1.10.0",
  "minecraft:attachable":{
    "description":{
      "identifier":"serp:lureball",
      "materials":{"default":"entity_alphatest"},
      "textures":{"default":"textures/entity/pokeballs/lureball"},
      "geometry":{"default":"geometry.serppokeball"},
      "animations":{"fm":"animation.pokeball_item.fm","tm":"animation.pokeball_item.tm"},
      "scripts":{"animate":[{"fm":"c.is_first_person"},{"tm":"!c.is_first_person"}]},
      "render_controllers":["controller.render.default"]
    }
  }
}