{
  "format_version":"1.10.0",
  "minecraft:client_entity":{
    "description":{
      "identifier":"serp:profs",
      "materials":{
    "default":"entity_alphatest"
      },
      "textures":{
    "oak":"textures/entity/npc/profs/oak",
    "elm":"textures/entity/npc/profs/elm",
    "kapok":"textures/entity/npc/profs/elm"
      },
      "geometry":{
    "oak":"geometry.serpoak",
    "elm":"geometry.serpelm",
    "kapok":"geometry.serpelm"
      },
      "scripts":{
    "scale":"0.9375",
    "animate":["look_at_target","quiet"]
      },
      "animations":{
    "quiet":"animation.prof.quiet",
    "look_at_target":"animation.common.look_at_target"
      },
      "spawn_egg":{"texture":"pokeitems","texture_index":0},
      "render_controllers":["controller.render.profs"]
    }
  }
}
