{
  "format_version":"1.10.0",
  "minecraft:client_entity":{
    "description":{
      "identifier":"serp:trainer",
      "materials":{"default":"entity_alphatest"},
      "textures":{
    "empty":"empty",
    "leader1":"textures/entity/npc/trainers/bug_catcher",
    "leader2":"textures/entity/npc/trainers/0",
    "leader3":"textures/entity/npc/trainers/0",
    "leader4":"textures/entity/npc/trainers/0",
    "leader5":"textures/entity/npc/trainers/0",
    "leader6":"textures/entity/npc/trainers/0",
    "leader7":"textures/entity/npc/trainers/7",
    "leader8":"textures/entity/npc/trainers/8",
    "leader9":"textures/entity/npc/trainers/9",
    "leader10":"textures/entity/npc/trainers/10",
    "leader11":"textures/entity/npc/trainers/11",
    "leader12":"textures/entity/npc/trainers/12",
    "leader13":"textures/entity/npc/trainers/13",
    "leader14":"textures/entity/npc/trainers/14",
    "leader15":"textures/entity/npc/trainers/15",
    "leader16":"textures/entity/npc/trainers/16",
    "leader17":"textures/entity/npc/trainers/17",
    "leader18":"textures/entity/npc/trainers/sailor",
    "trainer1":"textures/entity/npc/trainers/youngster",
    "trainer2":"textures/entity/npc/trainers/picnicker",
    "trainer3":"textures/entity/npc/trainers/girl",
    "trainer4":"textures/entity/npc/trainers/school_kid_male",
    "trainer5":"textures/entity/npc/trainers/pokemaniac",
    "trainer6":"textures/entity/npc/trainers/school_kid_male",
    "trainer7":"textures/entity/npc/trainers/ace_male",
    "trainer8":"textures/entity/npc/trainers/veteran",
    "trainer9":"textures/entity/npc/trainers/ace_male",
    "rocket1":"textures/entity/npc/trainers/rocket1",
    "rocket2":"textures/entity/npc/trainers/rocket2",
    "nrocket1":"textures/entity/npc/trainers/neo_rocket1",
    "nrocket2":"textures/entity/npc/trainers/neo_rocket2"
      },
      "geometry":{
    "empty":"geometry.empty",
    "bug_catcher":"geometry.serpnpc_bug_catcher",
    "sailor":"geometry.serpnpc_sailor",
    "trainer":"geometry.serpnpc_youngster",
    "youngster":"geometry.serpnpc_youngster",
    "picnicker":"geometry.serpnpc_picnicker",
    "school_kid_male":"geometry.serpnpc_school_kid_male",
    "pokemaniac":"geometry.serpnpc_pokemaniac",
    "ace_male":"geometry.serpnpc_ace_male",
    "veteran":"geometry.serpnpc_veteran",
    "rocket_male":"geometry.serprocket_male",
    "rocket_female":"geometry.serprocket_male"
      },
      "animations":{
    "look_at_target":"animation.common.look_at_target",
    "humanoid_base_pose":"animation.humanoid.base_pose",
    "move":"animation.humanoid.move",
    "bob":"animation.humanoid.bob"
      },
      "scripts":{
    "scale":"0.9375",
    "pre_animation":["variable.tcos0=(Math.cos(query.modified_distance_moved*38.17)*query.modified_move_speed/variable.gliding_speed_value)*57.3;"],
    "animate":["humanoid_base_pose","bob","move","look_at_target"]
      },
      "spawn_egg":{"texture":"pokeitems","texture_index":5},
      "render_controllers":["controller.render.trainers"]
    }
  }
}