{
  "format_version":"1.10.0",
  "animation_controllers":{
    "controller.animation.persistent_particle":{"states":{"default":{"particle_effects":[{"effect":"particle"}]}}},
    "controller.animation.heal":{
      "states":{
        "default":{"transitions":[{"healing":"query.is_saddled"}]},
  "healing":{"particle_effects":[{"effect":"heal","locator":"ball"},{"effect":"heal","locator":"ball2"},{"effect":"heal","locator":"ball3"},{"effect":"heal","locator":"ball4"},{"effect":"heal","locator":"ball5"},{"effect":"heal","locator":"ball6"}],"transitions":[{"default":"!query.is_saddled"}]}
      }
    },
    "controller.animation.attack":{
      "states":{
        "default":{"animations":[{"a-1":"q.property('serp:attack')==-1"},{"a1":"q.property('serp:attack')==1"},{"a2":"q.property('serp:attack')==2"},{"a3":"q.property('serp:attack')==3"},{"a4":"q.property('serp:attack')==4"},{"a5":"q.property('serp:attack')==5"},{"a6":"q.property('serp:attack')==6"},{"a7":"q.property('serp:attack')==7"},{"a8":"q.property('serp:attack')==8"},{"a9":"q.property('serp:attack')==9"},{"a10":"q.property('serp:attack')==10"},{"a11":"q.property('serp:attack')==11"},{"a12":"q.property('serp:attack')==12"},{"a13":"q.property('serp:attack')==13"},{"a14":"q.property('serp:attack')==14"},{"a15":"q.property('serp:attack')==15"},{"a16":"q.property('serp:attack')==16"},{"a17":"q.property('serp:attack')==17"},{"a18":"q.property('serp:attack')==18"},{"a19":"q.property('serp:attack')==19"},{"a20":"q.property('serp:attack')==20"},{"a21":"q.property('serp:attack')==21"},{"a22":"q.property('serp:attack')==22"},{"a23":"q.property('serp:attack')==23"},{"a24":"q.property('serp:attack')==24"},{"a25":"q.property('serp:attack')==25"},{"a26":"q.property('serp:attack')==26"},{"a27":"q.property('serp:attack')==27"},{"a28":"q.property('serp:attack')==28"},{"a29":"q.property('serp:attack')==29"},{"a30":"q.property('serp:attack')==30"},{"a31":"q.property('serp:attack')==31"},{"a32":"q.property('serp:attack')==32"},{"a33":"q.property('serp:attack')==33"},{"a34":"q.property('serp:attack')==34"},{"a35":"q.property('serp:attack')==35"},{"a36":"q.property('serp:attack')==36"},{"a37":"q.property('serp:attack')==37"},{"a38":"q.property('serp:attack')==38"},{"a39":"q.property('serp:attack')==39"},{"a40":"q.property('serp:attack')==40"},{"a41":"q.property('serp:attack')==41"},{"a42":"q.property('serp:attack')==42"},{"a43":"q.property('serp:attack')==43"},{"a44":"q.property('serp:attack')==44"},{"a45":"q.property('serp:attack')==45"},{"a46":"q.property('serp:attack')==46"},{"a47":"q.property('serp:attack')==47"},{"a48":"q.property('serp:attack')==48"},{"a49":"q.property('serp:attack')==49"},{"a50":"q.property('serp:attack')==50"},{"a51":"q.property('serp:attack')==51"},{"a52":"q.property('serp:attack')==52"},{"a53":"q.property('serp:attack')==53"},{"a54":"q.property('serp:attack')==54"},{"a55":"q.property('serp:attack')==55"},{"a56":"q.property('serp:attack')==56"},{"a57":"q.property('serp:attack')==57"},{"a58":"q.property('serp:attack')==58"},{"a59":"q.property('serp:attack')==59"},{"a60":"q.property('serp:attack')==60"},{"a61":"q.property('serp:attack')==61"},{"a62":"q.property('serp:attack')==62"},{"a63":"q.property('serp:attack')==63"},{"a64":"q.property('serp:attack')==64"},{"a65":"q.property('serp:attack')==65"},{"a66":"q.property('serp:attack')==66"},{"a67":"q.property('serp:attack')==67"},{"a68":"q.property('serp:attack')==68"},{"a69":"q.property('serp:attack')==69"},{"a70":"q.property('serp:attack')==70"},{"a71":"q.property('serp:attack')==71"},{"a72":"q.property('serp:attack')==72"},{"a73":"q.property('serp:attack')==73"},{"a74":"q.property('serp:attack')==74"},{"a75":"q.property('serp:attack')==75"},{"a76":"q.property('serp:attack')==76"},{"a77":"q.property('serp:attack')==77"},{"a78":"q.property('serp:attack')==78"},{"a79":"q.property('serp:attack')==79"},{"a80":"q.property('serp:attack')==80"},{"a81":"q.property('serp:attack')==81"},{"a82":"q.property('serp:attack')==82"},{"a83":"q.property('serp:attack')==83"},{"a84":"q.property('serp:attack')==84"},{"a85":"q.property('serp:attack')==85"},{"a86":"q.property('serp:attack')==86"},{"a87":"q.property('serp:attack')==87"},{"a88":"q.property('serp:attack')==88"},{"a89":"q.property('serp:attack')==89"},{"a90":"q.property('serp:attack')==90"},{"a91":"q.property('serp:attack')==91"},{"a92":"q.property('serp:attack')==92"},{"a93":"q.property('serp:attack')==93"},{"a94":"q.property('serp:attack')==94"},{"a95":"q.property('serp:attack')==95"},{"a96":"q.property('serp:attack')==96"},{"a97":"q.property('serp:attack')==97"},{"a98":"q.property('serp:attack')==98"},{"a99":"q.property('serp:attack')==99"},{"a100":"q.property('serp:attack')==100"},{"a101":"q.property('serp:attack')==101"},{"a102":"q.property('serp:attack')==102"},{"a103":"q.property('serp:attack')==103"},{"a104":"q.property('serp:attack')==104"},{"a105":"q.property('serp:attack')==105"},{"a106":"q.property('serp:attack')==106"},{"a107":"q.property('serp:attack')==107"},{"a108":"q.property('serp:attack')==108"},{"a109":"q.property('serp:attack')==109"},{"a110":"q.property('serp:attack')==110"},{"a111":"q.property('serp:attack')==111"},{"a112":"q.property('serp:attack')==112"},{"a113":"q.property('serp:attack')==113"},{"a114":"q.property('serp:attack')==114"},{"a115":"q.property('serp:attack')==115"},{"a116":"q.property('serp:attack')==116"},{"a117":"q.property('serp:attack')==117"},{"a118":"q.property('serp:attack')==118"},{"a119":"q.property('serp:attack')==119"},{"a120":"q.property('serp:attack')==120"},{"a121":"q.property('serp:attack')==121"},{"a122":"q.property('serp:attack')==122"},{"a123":"q.property('serp:attack')==123"},{"a124":"q.property('serp:attack')==124"},{"a125":"q.property('serp:attack')==125"},{"a126":"q.property('serp:attack')==126"},{"a127":"q.property('serp:attack')==127"},{"a128":"q.property('serp:attack')==128"},{"a129":"q.property('serp:attack')==129"},{"a130":"q.property('serp:attack')==130"},{"a131":"q.property('serp:attack')==131"},{"a132":"q.property('serp:attack')==132"},{"a133":"q.property('serp:attack')==133"},{"a134":"q.property('serp:attack')==134"},{"a135":"q.property('serp:attack')==135"},{"a136":"q.property('serp:attack')==136"},{"a137":"q.property('serp:attack')==137"},{"a138":"q.property('serp:attack')==138"},{"a139":"q.property('serp:attack')==139"},{"a140":"q.property('serp:attack')==140"},{"a141":"q.property('serp:attack')==141"},{"a142":"q.property('serp:attack')==142"},{"a143":"q.property('serp:attack')==143"},{"a144":"q.property('serp:attack')==144"},{"a145":"q.property('serp:attack')==145"},{"a146":"q.property('serp:attack')==146"},{"a147":"q.property('serp:attack')==147"},{"a148":"q.property('serp:attack')==148"},{"a149":"q.property('serp:attack')==149"},{"a150":"q.property('serp:attack')==150"},{"a151":"q.property('serp:attack')==151"},{"a152":"q.property('serp:attack')==152"},{"a153":"q.property('serp:attack')==153"},{"a154":"q.property('serp:attack')==154"},{"a155":"q.property('serp:attack')==155"},{"a156":"q.property('serp:attack')==156"},{"a157":"q.property('serp:attack')==157"},{"a158":"q.property('serp:attack')==158"},{"a159":"q.property('serp:attack')==159"},{"a160":"q.property('serp:attack')==160"},{"a161":"q.property('serp:attack')==161"},{"a162":"q.property('serp:attack')==162"},{"a163":"q.property('serp:attack')==163"},{"a164":"q.property('serp:attack')==164"},{"a165":"q.property('serp:attack')==165"},{"a166":"q.property('serp:attack')==166"},{"a167":"q.property('serp:attack')==167"},{"a168":"q.property('serp:attack')==168"},{"a169":"q.property('serp:attack')==169"},{"a170":"q.property('serp:attack')==170"},{"a171":"q.property('serp:attack')==171"},{"a172":"q.property('serp:attack')==172"},{"a173":"q.property('serp:attack')==173"},{"a174":"q.property('serp:attack')==174"},{"a175":"q.property('serp:attack')==175"},{"a176":"q.property('serp:attack')==176"},{"a177":"q.property('serp:attack')==177"},{"a178":"q.property('serp:attack')==178"},{"a179":"q.property('serp:attack')==179"},{"a180":"q.property('serp:attack')==180"},{"a181":"q.property('serp:attack')==181"},{"a182":"q.property('serp:attack')==182"},{"a183":"q.property('serp:attack')==183"},{"a184":"q.property('serp:attack')==184"},{"a185":"q.property('serp:attack')==185"},{"a186":"q.property('serp:attack')==186"},{"a187":"q.property('serp:attack')==187"},{"a188":"q.property('serp:attack')==188"},{"a189":"q.property('serp:attack')==189"},{"a190":"q.property('serp:attack')==190"},{"a191":"q.property('serp:attack')==191"},{"a192":"q.property('serp:attack')==192"},{"a193":"q.property('serp:attack')==193"},{"a194":"q.property('serp:attack')==194"},{"a195":"q.property('serp:attack')==195"},{"a196":"q.property('serp:attack')==196"},{"a197":"q.property('serp:attack')==197"},{"a198":"q.property('serp:attack')==198"},{"a199":"q.property('serp:attack')==199"},{"a200":"q.property('serp:attack')==200"},{"a201":"q.property('serp:attack')==201"},{"a202":"q.property('serp:attack')==202"},{"a203":"q.property('serp:attack')==203"},{"a204":"q.property('serp:attack')==204"},{"a205":"q.property('serp:attack')==205"},{"a206":"q.property('serp:attack')==206"},{"a207":"q.property('serp:attack')==207"},{"a208":"q.property('serp:attack')==208"},{"a209":"q.property('serp:attack')==209"},{"a210":"q.property('serp:attack')==210"},{"a211":"q.property('serp:attack')==211"},{"a212":"q.property('serp:attack')==212"},{"a213":"q.property('serp:attack')==213"},{"a214":"q.property('serp:attack')==214"},{"a215":"q.property('serp:attack')==215"},{"a216":"q.property('serp:attack')==216"},{"a217":"q.property('serp:attack')==217"},{"a218":"q.property('serp:attack')==218"},{"a219":"q.property('serp:attack')==219"},{"a220":"q.property('serp:attack')==220"},{"a221":"q.property('serp:attack')==221"},{"a222":"q.property('serp:attack')==222"},{"a223":"q.property('serp:attack')==223"},{"a224":"q.property('serp:attack')==224"},{"a225":"q.property('serp:attack')==225"},{"a226":"q.property('serp:attack')==226"},{"a227":"q.property('serp:attack')==227"},{"a228":"q.property('serp:attack')==228"},{"a229":"q.property('serp:attack')==229"},{"a230":"q.property('serp:attack')==230"},{"a231":"q.property('serp:attack')==231"},{"a232":"q.property('serp:attack')==232"},{"a233":"q.property('serp:attack')==233"},{"a234":"q.property('serp:attack')==234"},{"a235":"q.property('serp:attack')==235"},{"a236":"q.property('serp:attack')==236"},{"a237":"q.property('serp:attack')==237"},{"a238":"q.property('serp:attack')==238"},{"a239":"q.property('serp:attack')==239"},{"a240":"q.property('serp:attack')==240"},{"a241":"q.property('serp:attack')==241"},{"a242":"q.property('serp:attack')==242"},{"a243":"q.property('serp:attack')==243"},{"a244":"q.property('serp:attack')==244"},{"a245":"q.property('serp:attack')==245"},{"a246":"q.property('serp:attack')==246"},{"a247":"q.property('serp:attack')==247"},{"a248":"q.property('serp:attack')==248"},{"a249":"q.property('serp:attack')==249"},{"a250":"q.property('serp:attack')==250"},{"a251":"q.property('serp:attack')==251"},{"a252":"q.property('serp:attack')==252"},{"a253":"q.property('serp:attack')==253"},{"a254":"q.property('serp:attack')==254"},{"a255":"q.property('serp:attack')==255"},{"a256":"q.property('serp:attack')==256"},{"a257":"q.property('serp:attack')==257"},{"a258":"q.property('serp:attack')==258"},{"a259":"q.property('serp:attack')==259"},{"a260":"q.property('serp:attack')==260"},{"a261":"q.property('serp:attack')==261"},{"a262":"q.property('serp:attack')==262"},{"a263":"q.property('serp:attack')==263"},{"a264":"q.property('serp:attack')==264"},{"a265":"q.property('serp:attack')==265"},{"a266":"q.property('serp:attack')==266"},{"a267":"q.property('serp:attack')==267"},{"a268":"q.property('serp:attack')==268"},{"a269":"q.property('serp:attack')==269"},{"a270":"q.property('serp:attack')==270"},{"a271":"q.property('serp:attack')==271"},{"a272":"q.property('serp:attack')==272"},{"a273":"q.property('serp:attack')==273"},{"a274":"q.property('serp:attack')==274"},{"a275":"q.property('serp:attack')==275"},{"a276":"q.property('serp:attack')==276"},{"a277":"q.property('serp:attack')==277"},{"a278":"q.property('serp:attack')==278"},{"a279":"q.property('serp:attack')==279"},{"a280":"q.property('serp:attack')==280"},{"a281":"q.property('serp:attack')==281"},{"a282":"q.property('serp:attack')==282"},{"a283":"q.property('serp:attack')==283"},{"a284":"q.property('serp:attack')==284"},{"a285":"q.property('serp:attack')==285"},{"a286":"q.property('serp:attack')==286"},{"a287":"q.property('serp:attack')==287"},{"a288":"q.property('serp:attack')==288"},{"a289":"q.property('serp:attack')==289"},{"a290":"q.property('serp:attack')==290"},{"a291":"q.property('serp:attack')==291"},{"a292":"q.property('serp:attack')==292"},{"a293":"q.property('serp:attack')==293"},{"a294":"q.property('serp:attack')==294"},{"a295":"q.property('serp:attack')==295"},{"a296":"q.property('serp:attack')==296"},{"a297":"q.property('serp:attack')==297"},{"a298":"q.property('serp:attack')==298"},{"a299":"q.property('serp:attack')==299"},{"a300":"q.property('serp:attack')==300"},{"a301":"q.property('serp:attack')==301"},{"a302":"q.property('serp:attack')==302"},{"a303":"q.property('serp:attack')==303"},{"a304":"q.property('serp:attack')==304"},{"a305":"q.property('serp:attack')==305"},{"a306":"q.property('serp:attack')==306"},{"a307":"q.property('serp:attack')==307"},{"a308":"q.property('serp:attack')==308"},{"a309":"q.property('serp:attack')==309"},{"a310":"q.property('serp:attack')==310"},{"a311":"q.property('serp:attack')==311"},{"a312":"q.property('serp:attack')==312"},{"a313":"q.property('serp:attack')==313"},{"a314":"q.property('serp:attack')==314"},{"a315":"q.property('serp:attack')==315"},{"a316":"q.property('serp:attack')==316"},{"a317":"q.property('serp:attack')==317"},{"a318":"q.property('serp:attack')==318"},{"a319":"q.property('serp:attack')==319"},{"a320":"q.property('serp:attack')==320"},{"a321":"q.property('serp:attack')==321"},{"a322":"q.property('serp:attack')==322"},{"a323":"q.property('serp:attack')==323"},{"a324":"q.property('serp:attack')==324"},{"a325":"q.property('serp:attack')==325"},{"a326":"q.property('serp:attack')==326"},{"a327":"q.property('serp:attack')==327"},{"a328":"q.property('serp:attack')==328"},{"a329":"q.property('serp:attack')==329"},{"a330":"q.property('serp:attack')==330"},{"a331":"q.property('serp:attack')==331"},{"a332":"q.property('serp:attack')==332"},{"a333":"q.property('serp:attack')==333"},{"a334":"q.property('serp:attack')==334"},{"a335":"q.property('serp:attack')==335"},{"a336":"q.property('serp:attack')==336"},{"a337":"q.property('serp:attack')==337"},{"a338":"q.property('serp:attack')==338"},{"a339":"q.property('serp:attack')==339"},{"a340":"q.property('serp:attack')==340"},{"a341":"q.property('serp:attack')==341"},{"a342":"q.property('serp:attack')==342"},{"a343":"q.property('serp:attack')==343"},{"a344":"q.property('serp:attack')==344"},{"a345":"q.property('serp:attack')==345"},{"a346":"q.property('serp:attack')==346"},{"a347":"q.property('serp:attack')==347"},{"a348":"q.property('serp:attack')==348"},{"a349":"q.property('serp:attack')==349"},{"a350":"q.property('serp:attack')==350"},{"a351":"q.property('serp:attack')==351"},{"a352":"q.property('serp:attack')==352"},{"a353":"q.property('serp:attack')==353"},{"a354":"q.property('serp:attack')==354"},{"a355":"q.property('serp:attack')==355"},{"a356":"q.property('serp:attack')==356"},{"a357":"q.property('serp:attack')==357"},{"a358":"q.property('serp:attack')==358"},{"a359":"q.property('serp:attack')==359"},{"a360":"q.property('serp:attack')==360"},{"a1000":"q.property('serp:attack')==1000"},{"a1001":"q.property('serp:attack')==1001"},{"a1002":"q.property('serp:attack')==1002"},{"a1003":"q.property('serp:attack')==1003"},{"a1004":"q.property('serp:attack')==1004"},{"a2001":"q.property('serp:attack')==2001"},{"a2002":"q.property('serp:attack')==2002"},{"a2003":"q.property('serp:attack')==2003"},{"a2004":"q.property('serp:attack')==2004"},{"a2005":"q.property('serp:attack')==2005"},{"a2006":"q.property('serp:attack')==2006"},{"a2007":"q.property('serp:attack')==2007"},{"a2008":"q.property('serp:attack')==2008"},{"a2009":"q.property('serp:attack')==2009"},{"a2010":"q.property('serp:attack')==2010"},{"a2011":"q.property('serp:attack')==2011"},{"a2012":"q.property('serp:attack')==2012"},{"a2013":"q.property('serp:attack')==2013"},{"a2014":"q.property('serp:attack')==2014"},{"a2015":"q.property('serp:attack')==2015"},{"a2016":"q.property('serp:attack')==2016"},{"a2017":"q.property('serp:attack')==2017"},{"a2018":"q.property('serp:attack')==2018"},{"a2019":"q.property('serp:attack')==2019"}],"transitions":[{"hit":"query.is_saddled"}]},
        "hit":{"animations":[{"a1h":"q.property('serp:attack')==1"},{"a2h":"q.property('serp:attack')==2"},{"a3h":"q.property('serp:attack')==3"},{"a4h":"q.property('serp:attack')==4"},{"a5h":"q.property('serp:attack')==5"},{"a6h":"q.property('serp:attack')==6"},{"a7h":"q.property('serp:attack')==7"},{"a8h":"q.property('serp:attack')==8"},{"a9h":"q.property('serp:attack')==9"},{"a10h":"q.property('serp:attack')==10"},{"a11h":"q.property('serp:attack')==11"},{"a12h":"q.property('serp:attack')==12"},{"a13h":"q.property('serp:attack')==13"},{"a14h":"q.property('serp:attack')==14"},{"a15h":"q.property('serp:attack')==15"},{"a16h":"q.property('serp:attack')==16"},{"a17h":"q.property('serp:attack')==17"},{"a18h":"q.property('serp:attack')==18"},{"a19h":"q.property('serp:attack')==19"},{"a20h":"q.property('serp:attack')==20"},{"a21h":"q.property('serp:attack')==21"},{"a22h":"q.property('serp:attack')==22"},{"a23h":"q.property('serp:attack')==23"},{"a24h":"q.property('serp:attack')==24"},{"a25h":"q.property('serp:attack')==25"},{"a26h":"q.property('serp:attack')==26"},{"a27h":"q.property('serp:attack')==27"},{"a28h":"q.property('serp:attack')==28"},{"a29h":"q.property('serp:attack')==29"},{"a30h":"q.property('serp:attack')==30"},{"a31h":"q.property('serp:attack')==31"},{"a32h":"q.property('serp:attack')==32"},{"a33h":"q.property('serp:attack')==33"},{"a34h":"q.property('serp:attack')==34"},{"a35h":"q.property('serp:attack')==35"},{"a36h":"q.property('serp:attack')==36"},{"a37h":"q.property('serp:attack')==37"},{"a38h":"q.property('serp:attack')==38"},{"a39h":"q.property('serp:attack')==39"},{"a40h":"q.property('serp:attack')==40"},{"a41h":"q.property('serp:attack')==41"},{"a42h":"q.property('serp:attack')==42"},{"a43h":"q.property('serp:attack')==43"},{"a44h":"q.property('serp:attack')==44"},{"a45h":"q.property('serp:attack')==45"},{"a46h":"q.property('serp:attack')==46"},{"a47h":"q.property('serp:attack')==47"},{"a48h":"q.property('serp:attack')==48"},{"a49h":"q.property('serp:attack')==49"},{"a50h":"q.property('serp:attack')==50"},{"a51h":"q.property('serp:attack')==51"},{"a52h":"q.property('serp:attack')==52"},{"a53h":"q.property('serp:attack')==53"},{"a54h":"q.property('serp:attack')==54"},{"a55h":"q.property('serp:attack')==55"},{"a56h":"q.property('serp:attack')==56"},{"a57h":"q.property('serp:attack')==57"},{"a58h":"q.property('serp:attack')==58"},{"a59h":"q.property('serp:attack')==59"},{"a60h":"q.property('serp:attack')==60"},{"a61h":"q.property('serp:attack')==61"},{"a62h":"q.property('serp:attack')==62"},{"a63h":"q.property('serp:attack')==63"},{"a64h":"q.property('serp:attack')==64"},{"a65h":"q.property('serp:attack')==65"},{"a66h":"q.property('serp:attack')==66"},{"a67h":"q.property('serp:attack')==67"},{"a68h":"q.property('serp:attack')==68"},{"a69h":"q.property('serp:attack')==69"},{"a70h":"q.property('serp:attack')==70"},{"a71h":"q.property('serp:attack')==71"},{"a72h":"q.property('serp:attack')==72"},{"a73h":"q.property('serp:attack')==73"},{"a74h":"q.property('serp:attack')==74"},{"a75h":"q.property('serp:attack')==75"},{"a76h":"q.property('serp:attack')==76"},{"a77h":"q.property('serp:attack')==77"},{"a78h":"q.property('serp:attack')==78"},{"a79h":"q.property('serp:attack')==79"},{"a80h":"q.property('serp:attack')==80"},{"a81h":"q.property('serp:attack')==81"},{"a82h":"q.property('serp:attack')==82"},{"a83h":"q.property('serp:attack')==83"},{"a84h":"q.property('serp:attack')==84"},{"a85h":"q.property('serp:attack')==85"},{"a86h":"q.property('serp:attack')==86"},{"a87h":"q.property('serp:attack')==87"},{"a88h":"q.property('serp:attack')==88"},{"a89h":"q.property('serp:attack')==89"},{"a90h":"q.property('serp:attack')==90"},{"a91h":"q.property('serp:attack')==91"},{"a92h":"q.property('serp:attack')==92"},{"a93h":"q.property('serp:attack')==93"},{"a94h":"q.property('serp:attack')==94"},{"a95h":"q.property('serp:attack')==95"},{"a96h":"q.property('serp:attack')==96"},{"a97h":"q.property('serp:attack')==97"},{"a98h":"q.property('serp:attack')==98"},{"a99h":"q.property('serp:attack')==99"},{"a100h":"q.property('serp:attack')==100"},{"a101h":"q.property('serp:attack')==101"},{"a102h":"q.property('serp:attack')==102"},{"a103h":"q.property('serp:attack')==103"},{"a104h":"q.property('serp:attack')==104"},{"a105h":"q.property('serp:attack')==105"},{"a106h":"q.property('serp:attack')==106"},{"a107h":"q.property('serp:attack')==107"},{"a108h":"q.property('serp:attack')==108"},{"a109h":"q.property('serp:attack')==109"},{"a110h":"q.property('serp:attack')==110"},{"a111h":"q.property('serp:attack')==111"},{"a112h":"q.property('serp:attack')==112"},{"a113h":"q.property('serp:attack')==113"},{"a114h":"q.property('serp:attack')==114"},{"a115h":"q.property('serp:attack')==115"},{"a116h":"q.property('serp:attack')==116"},{"a117h":"q.property('serp:attack')==117"},{"a118h":"q.property('serp:attack')==118"},{"a119h":"q.property('serp:attack')==119"},{"a120h":"q.property('serp:attack')==120"},{"a121h":"q.property('serp:attack')==121"},{"a122h":"q.property('serp:attack')==122"},{"a123h":"q.property('serp:attack')==123"},{"a124h":"q.property('serp:attack')==124"},{"a125h":"q.property('serp:attack')==125"},{"a126h":"q.property('serp:attack')==126"},{"a127h":"q.property('serp:attack')==127"},{"a128h":"q.property('serp:attack')==128"},{"a129h":"q.property('serp:attack')==129"},{"a130h":"q.property('serp:attack')==130"},{"a131h":"q.property('serp:attack')==131"},{"a132h":"q.property('serp:attack')==132"},{"a133h":"q.property('serp:attack')==133"},{"a134h":"q.property('serp:attack')==134"},{"a135h":"q.property('serp:attack')==135"},{"a136h":"q.property('serp:attack')==136"},{"a137h":"q.property('serp:attack')==137"},{"a138h":"q.property('serp:attack')==138"},{"a139h":"q.property('serp:attack')==139"},{"a140h":"q.property('serp:attack')==140"},{"a141h":"q.property('serp:attack')==141"},{"a142h":"q.property('serp:attack')==142"},{"a143h":"q.property('serp:attack')==143"},{"a144h":"q.property('serp:attack')==144"},{"a145h":"q.property('serp:attack')==145"},{"a146h":"q.property('serp:attack')==146"},{"a147h":"q.property('serp:attack')==147"},{"a148h":"q.property('serp:attack')==148"},{"a149h":"q.property('serp:attack')==149"},{"a150h":"q.property('serp:attack')==150"},{"a151h":"q.property('serp:attack')==151"},{"a152h":"q.property('serp:attack')==152"},{"a153h":"q.property('serp:attack')==153"},{"a154h":"q.property('serp:attack')==154"},{"a155h":"q.property('serp:attack')==155"},{"a156h":"q.property('serp:attack')==156"},{"a157h":"q.property('serp:attack')==157"},{"a158h":"q.property('serp:attack')==158"},{"a159h":"q.property('serp:attack')==159"},{"a160h":"q.property('serp:attack')==160"},{"a161h":"q.property('serp:attack')==161"},{"a162h":"q.property('serp:attack')==162"},{"a163h":"q.property('serp:attack')==163"},{"a164h":"q.property('serp:attack')==164"},{"a165h":"q.property('serp:attack')==165"},{"a166h":"q.property('serp:attack')==166"},{"a167h":"q.property('serp:attack')==167"},{"a168h":"q.property('serp:attack')==168"},{"a169h":"q.property('serp:attack')==169"},{"a170h":"q.property('serp:attack')==170"},{"a171h":"q.property('serp:attack')==171"},{"a172h":"q.property('serp:attack')==172"},{"a173h":"q.property('serp:attack')==173"},{"a174h":"q.property('serp:attack')==174"},{"a175h":"q.property('serp:attack')==175"},{"a176h":"q.property('serp:attack')==176"},{"a177h":"q.property('serp:attack')==177"},{"a178h":"q.property('serp:attack')==178"},{"a179h":"q.property('serp:attack')==179"},{"a180h":"q.property('serp:attack')==180"},{"a181h":"q.property('serp:attack')==181"},{"a182h":"q.property('serp:attack')==182"},{"a183h":"q.property('serp:attack')==183"},{"a184h":"q.property('serp:attack')==184"},{"a185h":"q.property('serp:attack')==185"},{"a186h":"q.property('serp:attack')==186"},{"a187h":"q.property('serp:attack')==187"},{"a188h":"q.property('serp:attack')==188"},{"a189h":"q.property('serp:attack')==189"},{"a190h":"q.property('serp:attack')==190"},{"a191h":"q.property('serp:attack')==191"},{"a192h":"q.property('serp:attack')==192"},{"a193h":"q.property('serp:attack')==193"},{"a194h":"q.property('serp:attack')==194"},{"a195h":"q.property('serp:attack')==195"},{"a196h":"q.property('serp:attack')==196"},{"a197h":"q.property('serp:attack')==197"},{"a198h":"q.property('serp:attack')==198"},{"a199h":"q.property('serp:attack')==199"},{"a200h":"q.property('serp:attack')==200"},{"a201h":"q.property('serp:attack')==201"},{"a202h":"q.property('serp:attack')==202"},{"a203h":"q.property('serp:attack')==203"},{"a204h":"q.property('serp:attack')==204"},{"a205h":"q.property('serp:attack')==205"},{"a206h":"q.property('serp:attack')==206"},{"a207h":"q.property('serp:attack')==207"},{"a208h":"q.property('serp:attack')==208"},{"a209h":"q.property('serp:attack')==209"},{"a210h":"q.property('serp:attack')==210"},{"a211h":"q.property('serp:attack')==211"},{"a212h":"q.property('serp:attack')==212"},{"a213h":"q.property('serp:attack')==213"},{"a214h":"q.property('serp:attack')==214"},{"a215h":"q.property('serp:attack')==215"},{"a216h":"q.property('serp:attack')==216"},{"a217h":"q.property('serp:attack')==217"},{"a218h":"q.property('serp:attack')==218"},{"a219h":"q.property('serp:attack')==219"},{"a220h":"q.property('serp:attack')==220"},{"a221h":"q.property('serp:attack')==221"},{"a222h":"q.property('serp:attack')==222"},{"a223h":"q.property('serp:attack')==223"},{"a224h":"q.property('serp:attack')==224"},{"a225h":"q.property('serp:attack')==225"},{"a226h":"q.property('serp:attack')==226"},{"a227h":"q.property('serp:attack')==227"},{"a228h":"q.property('serp:attack')==228"},{"a229h":"q.property('serp:attack')==229"},{"a230h":"q.property('serp:attack')==230"},{"a231h":"q.property('serp:attack')==231"},{"a232h":"q.property('serp:attack')==232"},{"a233h":"q.property('serp:attack')==233"},{"a234h":"q.property('serp:attack')==234"},{"a235h":"q.property('serp:attack')==235"},{"a236h":"q.property('serp:attack')==236"},{"a237h":"q.property('serp:attack')==237"},{"a238h":"q.property('serp:attack')==238"},{"a239h":"q.property('serp:attack')==239"},{"a240h":"q.property('serp:attack')==240"},{"a241h":"q.property('serp:attack')==241"},{"a242h":"q.property('serp:attack')==242"},{"a243h":"q.property('serp:attack')==243"},{"a244h":"q.property('serp:attack')==244"},{"a245h":"q.property('serp:attack')==245"},{"a246h":"q.property('serp:attack')==246"},{"a247h":"q.property('serp:attack')==247"},{"a248h":"q.property('serp:attack')==248"},{"a249h":"q.property('serp:attack')==249"},{"a250h":"q.property('serp:attack')==250"},{"a251h":"q.property('serp:attack')==251"},{"a252h":"q.property('serp:attack')==252"},{"a253h":"q.property('serp:attack')==253"},{"a254h":"q.property('serp:attack')==254"},{"a255h":"q.property('serp:attack')==255"},{"a256h":"q.property('serp:attack')==256"},{"a257h":"q.property('serp:attack')==257"},{"a258h":"q.property('serp:attack')==258"},{"a259h":"q.property('serp:attack')==259"},{"a260h":"q.property('serp:attack')==260"},{"a261h":"q.property('serp:attack')==261"},{"a262h":"q.property('serp:attack')==262"},{"a263h":"q.property('serp:attack')==263"},{"a264h":"q.property('serp:attack')==264"},{"a265h":"q.property('serp:attack')==265"},{"a266h":"q.property('serp:attack')==266"},{"a267h":"q.property('serp:attack')==267"},{"a268h":"q.property('serp:attack')==268"},{"a269h":"q.property('serp:attack')==269"},{"a270h":"q.property('serp:attack')==270"},{"a271h":"q.property('serp:attack')==271"},{"a272h":"q.property('serp:attack')==272"},{"a273h":"q.property('serp:attack')==273"},{"a274h":"q.property('serp:attack')==274"},{"a275h":"q.property('serp:attack')==275"},{"a276h":"q.property('serp:attack')==276"},{"a277h":"q.property('serp:attack')==277"},{"a278h":"q.property('serp:attack')==278"},{"a279h":"q.property('serp:attack')==279"},{"a280h":"q.property('serp:attack')==280"},{"a281h":"q.property('serp:attack')==281"},{"a282h":"q.property('serp:attack')==282"},{"a283h":"q.property('serp:attack')==283"},{"a284h":"q.property('serp:attack')==284"},{"a285h":"q.property('serp:attack')==285"},{"a286h":"q.property('serp:attack')==286"},{"a287h":"q.property('serp:attack')==287"},{"a288h":"q.property('serp:attack')==288"},{"a289h":"q.property('serp:attack')==289"},{"a290h":"q.property('serp:attack')==290"},{"a291h":"q.property('serp:attack')==291"},{"a292h":"q.property('serp:attack')==292"},{"a293h":"q.property('serp:attack')==293"},{"a294h":"q.property('serp:attack')==294"},{"a295h":"q.property('serp:attack')==295"},{"a296h":"q.property('serp:attack')==296"},{"a297h":"q.property('serp:attack')==297"},{"a298h":"q.property('serp:attack')==298"},{"a299h":"q.property('serp:attack')==299"},{"a300h":"q.property('serp:attack')==300"},{"a301h":"q.property('serp:attack')==301"},{"a302h":"q.property('serp:attack')==302"},{"a303h":"q.property('serp:attack')==303"},{"a304h":"q.property('serp:attack')==304"},{"a305h":"q.property('serp:attack')==305"},{"a306h":"q.property('serp:attack')==306"},{"a307h":"q.property('serp:attack')==307"},{"a308h":"q.property('serp:attack')==308"},{"a309h":"q.property('serp:attack')==309"},{"a310h":"q.property('serp:attack')==310"},{"a311h":"q.property('serp:attack')==311"},{"a312h":"q.property('serp:attack')==312"},{"a313h":"q.property('serp:attack')==313"},{"a314h":"q.property('serp:attack')==314"},{"a315h":"q.property('serp:attack')==315"},{"a316h":"q.property('serp:attack')==316"},{"a317h":"q.property('serp:attack')==317"},{"a318h":"q.property('serp:attack')==318"},{"a319h":"q.property('serp:attack')==319"},{"a320h":"q.property('serp:attack')==320"},{"a321h":"q.property('serp:attack')==321"},{"a322h":"q.property('serp:attack')==322"},{"a323h":"q.property('serp:attack')==323"},{"a324h":"q.property('serp:attack')==324"},{"a325h":"q.property('serp:attack')==325"},{"a326h":"q.property('serp:attack')==326"},{"a327h":"q.property('serp:attack')==327"},{"a328h":"q.property('serp:attack')==328"},{"a329h":"q.property('serp:attack')==329"},{"a330h":"q.property('serp:attack')==330"},{"a331h":"q.property('serp:attack')==331"},{"a332h":"q.property('serp:attack')==332"},{"a333h":"q.property('serp:attack')==333"},{"a334h":"q.property('serp:attack')==334"},{"a335h":"q.property('serp:attack')==335"},{"a336h":"q.property('serp:attack')==336"},{"a337h":"q.property('serp:attack')==337"},{"a338h":"q.property('serp:attack')==338"},{"a339h":"q.property('serp:attack')==339"},{"a340h":"q.property('serp:attack')==340"},{"a341h":"q.property('serp:attack')==341"},{"a342h":"q.property('serp:attack')==342"},{"a343h":"q.property('serp:attack')==343"},{"a344h":"q.property('serp:attack')==344"},{"a345h":"q.property('serp:attack')==345"},{"a346h":"q.property('serp:attack')==346"},{"a347h":"q.property('serp:attack')==347"},{"a348h":"q.property('serp:attack')==348"},{"a349h":"q.property('serp:attack')==349"},{"a350h":"q.property('serp:attack')==350"},{"a351h":"q.property('serp:attack')==351"},{"a352h":"q.property('serp:attack')==352"},{"a353h":"q.property('serp:attack')==353"},{"a354h":"q.property('serp:attack')==354"},{"a355h":"q.property('serp:attack')==355"},{"a356h":"q.property('serp:attack')==356"},{"a357h":"q.property('serp:attack')==357"},{"a358h":"q.property('serp:attack')==358"},{"a359h":"q.property('serp:attack')==359"},{"a360h":"q.property('serp:attack')==360"},{"a1000h":"q.property('serp:attack')==1000"},{"a1001h":"q.property('serp:attack')==1001"},{"a1002h":"q.property('serp:attack')==1002"},{"a1003h":"q.property('serp:attack')==1003"},{"a1004h":"q.property('serp:attack')==1004"},{"a2001h":"q.property('serp:attack')==2001"},{"a2002h":"q.property('serp:attack')==2002"},{"a2003h":"q.property('serp:attack')==2003"},{"a2004h":"q.property('serp:attack')==2004"},{"a2005h":"q.property('serp:attack')==2005"},{"a2006h":"q.property('serp:attack')==2006"},{"a2007h":"q.property('serp:attack')==2007"},{"a2008h":"q.property('serp:attack')==2008"},{"a2009h":"q.property('serp:attack')==2009"},{"a2010h":"q.property('serp:attack')==2010"},{"a2011h":"q.property('serp:attack')==2011"},{"a2012h":"q.property('serp:attack')==2012"},{"a2013h":"q.property('serp:attack')==2013"},{"a2014h":"q.property('serp:attack')==2014"},{"a2015h":"q.property('serp:attack')==2015"},{"a2016h":"q.property('serp:attack')==2016"},{"a2017h":"q.property('serp:attack')==2017"},{"a2018h":"q.property('serp:attack')==2018"},{"a2019h":"q.property('serp:attack')==2019"}]}
      }
    }
  }
}