{
  "format_version":"1.10.0",
  "animation_controllers":{
    "controller.animation.eyes":{
      "states":{
        "default":{"animations":["open"],"transitions":[{"close":"(q.property('serp:st')!=2&&Math.random(0,100)<=0.1)||(q.property('serp:st')==2)"}]},
        "close":{"animations":["close"],"transitions":[{"default":"(q.property('serp:st')!=2&&Math.random(0,100)<=1)"}]}
      }
    },
  "controller.animation.pokemon_fly":{
    "states":{
      "default":{"animations":["quiet","look_at_target"],"blend_transition":0.2,"blend_via_shortest_path":true,"transitions":[{"walking":"q.is_moving||(!q.is_on_ground)"},{"sitting":"q.is_sitting||q.is_riding"},{"attack":"q.property('serp:st')==1"},{"defeated":"q.property('serp:st')==2"}]},
      "walking":{"animations":["walk","direction"],"blend_transition":0.2,"blend_via_shortest_path":true,"transitions":[{"default":"q.is_on_ground&&q.ground_speed<=0.2"},{"attack":"q.property('serp:st')==1"},{"defeated":"q.property('serp:st')==2"}]},
      "sitting":{"animations":["sit","look_at_target"],"blend_transition":0.2,"blend_via_shortest_path":true,"transitions":[{"default":"!q.is_sitting&&!q.is_riding"}]},
      "attack":{"animations":["attack"],"blend_transition":0.2,"blend_via_shortest_path":true,"transitions":[{"default":"q.any_animation_finished&&q.property('serp:st')!=1"}]},
      "defeated":{"animations":["sit"],"blend_transition":0.2,"blend_via_shortest_path":true,"transitions":[{"default":"q.property('serp:st')!=2"}]}
    }
  },
  "controller.animation.pokemon_mega_fly":{
    "states":{
      "default":{"animations":["quietm","look_at_target"],"blend_transition":0.2,"blend_via_shortest_path":true,"transitions":[{"walking":"q.is_moving||(!q.is_on_ground)"},{"sitting":"q.is_sitting||q.is_riding"},{"attack":"q.property('serp:st')==1"},{"defeated":"q.property('serp:st')==2"}]},
      "walking":{"animations":["walkm","direction"],"blend_transition":0.2,"blend_via_shortest_path":true,"transitions":[{"default":"q.is_on_ground&&q.ground_speed<=0.2"},{"attack":"q.property('serp:st')==1"},{"defeated":"q.property('serp:st')==2"}]},
      "sitting":{"animations":["sitm","look_at_target"],"blend_transition":0.2,"blend_via_shortest_path":true,"transitions":[{"default":"!q.is_sitting&&!q.is_riding"}]},
      "attack":{"animations":["attackm"],"blend_transition":0.2,"blend_via_shortest_path":true,"transitions":[{"default":"q.any_animation_finished&&q.property('serp:st')!=1"}]},
      "defeated":{"animations":["sitm"],"blend_transition":0.2,"blend_via_shortest_path":true,"transitions":[{"default":"q.property('serp:st')!=2"}]}
    }
  },
  "controller.animation.pokemon_ground":{
    "states":{
      "default":{"animations":["quiet","look_at_target"],"blend_transition":0.2,"blend_via_shortest_path":true,"transitions":[{"walking":"q.modified_move_speed>0.2"},{"sitting":"(q.is_sitting&&q.is_on_ground)||q.is_riding"},{"attack":"q.property('serp:st')==1"},{"defeated":"q.property('serp:st')==2"}]},
      "walking":{"animations":["walk"],"blend_transition":0.2,"blend_via_shortest_path":true,"transitions":[{"default":"q.modified_move_speed<=0.2"},{"attack":"q.property('serp:st')==1"},{"defeated":"q.property('serp:st')==2"}]},
      "sitting":{"animations":["sit","look_at_target"],"blend_transition":0.2,"blend_via_shortest_path":true,"transitions":[{"default":"!q.is_riding&&(!q.is_sitting||!q.is_on_ground)"}]},
      "attack":{"animations":["attack"],"blend_transition":0.2,"blend_via_shortest_path":true,"transitions":[{"default":"q.any_animation_finished&&q.property('serp:st')!=1"}]},
      "defeated":{"animations":["sit"],"blend_transition":0.2,"blend_via_shortest_path":true,"transitions":[{"default":"q.property('serp:st')!=2"}]}
    }
  },
  "controller.animation.pokemon_mega_ground":{
    "states":{
      "default":{"animations":["quietm","look_at_target"],"blend_transition":0.2,"blend_via_shortest_path":true,"transitions":[{"walking":"q.modified_move_speed>0.2"},{"sitting":"(q.is_sitting&&q.is_on_ground)||q.is_riding"},{"attack":"q.property('serp:st')==1"},{"defeated":"q.property('serp:st')==2"}]},
      "walking":{"animations":["walkm"],"blend_transition":0.2,"blend_via_shortest_path":true,"transitions":[{"default":"q.modified_move_speed<=0.2"},{"attack":"q.property('serp:st')==1"},{"defeated":"q.property('serp:st')==2"}]},
      "sitting":{"animations":["sitm","look_at_target"],"blend_transition":0.2,"blend_via_shortest_path":true,"transitions":[{"default":"!q.is_riding&&(!q.is_sitting||!q.is_on_ground)"}]},
      "attack":{"animations":["attackm"],"blend_transition":0.2,"blend_via_shortest_path":true,"transitions":[{"default":"q.any_animation_finished&&q.property('serp:st')!=1"}]},
      "defeated":{"animations":["sitm"],"blend_transition":0.2,"blend_via_shortest_path":true,"transitions":[{"default":"q.property('serp:st')!=2"}]}
    }
  },
  "controller.animation.pokemon_swim":{
    "states":{
      "default":{"animations":[{"quiet":"!q.is_in_water"},{"swimming":"q.is_in_water"},"look_at_target"],"blend_transition":0.2,"blend_via_shortest_path":true,"transitions":[{"walking":"((!q.is_in_water)&&q.modified_move_speed>0.2)||(q.is_in_water&&q.is_moving)"},{"sitting":"(q.is_sitting&&q.is_on_ground)||q.is_riding"},{"attack":"q.property('serp:st')==1"},{"defeated":"q.property('serp:st')==2"}]},
      "walking":{"animations":[{"walk":"!q.is_in_water"},{"sink":"q.is_in_water"},{"direction":"q.is_in_water"}],"blend_transition":0.2,"blend_via_shortest_path":true,"transitions":[{"default":"((!q.is_in_water)&&q.modified_move_speed<=0.2)||(q.is_in_water&&q.ground_speed<=0.25)"},{"attack":"q.property('serp:st')==1"},{"defeated":"q.property('serp:st')==2"}]},
      "sitting":{"animations":["sit","look_at_target"],"blend_transition":0.2,"blend_via_shortest_path":true,"transitions":[{"default":"!q.is_riding&&(!q.is_sitting||!q.is_on_ground)"}]},
      "attack":{"animations":["attack"],"blend_transition":0.2,"blend_via_shortest_path":true,"transitions":[{"default":"q.any_animation_finished&&q.property('serp:st')!=1"}]},
      "defeated":{"animations":["sit"],"blend_transition":0.2,"blend_via_shortest_path":true,"transitions":[{"default":"q.property('serp:st')!=2"}]}
      }
    },
  "controller.animation.pokemon_mega_swim":{
    "states":{
      "default":{"animations":[{"quietm":"!q.is_in_water"},{"swimmingm":"q.is_in_water"},"look_at_target"],"blend_transition":0.2,"blend_via_shortest_path":true,"transitions":[{"walking":"((!q.is_in_water)&&q.modified_move_speed>0.2)||(q.is_in_water&&q.is_moving)"},{"sitting":"(q.is_sitting&&q.is_on_ground)||q.is_riding"},{"attack":"q.property('serp:st')==1"},{"defeated":"q.property('serp:st')==2"}]},
      "walking":{"animations":[{"walkm":"!q.is_in_water"},{"sinkm":"q.is_in_water"},{"direction":"q.is_in_water"}],"blend_transition":0.2,"blend_via_shortest_path":true,"transitions":[{"default":"((!q.is_in_water)&&q.modified_move_speed<=0.2)||(q.is_in_water&&q.ground_speed<=0.25)"},{"attack":"q.property('serp:st')==1"},{"defeated":"q.property('serp:st')==2"}]},
      "sitting":{"animations":["sitm","look_at_target"],"blend_transition":0.2,"blend_via_shortest_path":true,"transitions":[{"default":"!q.is_riding&&(!q.is_sitting||!q.is_on_ground)"}]},
      "attack":{"animations":["attackm"],"blend_transition":0.2,"blend_via_shortest_path":true,"transitions":[{"default":"q.any_animation_finished&&q.property('serp:st')!=1"}]},
      "defeated":{"animations":["sitm"],"blend_transition":0.2,"blend_via_shortest_path":true,"transitions":[{"default":"q.property('serp:st')!=2"}]}
      }
    }
  }
}