{
	"format_version": "1.8.0",
	"animations": {
		"animation.pokestop.quiet": {
			"loop": true,
			"animation_length": 3,
			"bones": {
				"base": {
					"rotation": [0, "math.round(q.anim_time*120)*1", 0]
				},
				"circle1": {
					"rotation": {
						"0.0": {
							"post": [0, 0, 0],
							"lerp_mode": "catmullrom"
						},
						"0.5": {
							"post": [0, 0, 135],
							"lerp_mode": "catmullrom"
						},
						"0.8": {
							"post": [0, 0, 135],
							"lerp_mode": "catmullrom"
						},
						"1.8": {
							"post": [0, 0, -180],
							"lerp_mode": "catmullrom"
						},
						"2.6": {
							"post": [0, 0, 0],
							"lerp_mode": "catmullrom"
						},
						"2.8": {
							"post": [0, 0, -45],
							"lerp_mode": "catmullrom"
						},
						"3.0": {
							"post": [0, 0, 0],
							"lerp_mode": "catmullrom"
						}
					}
				},
				"circle2": {
					"rotation": [0, 0, "math.round(q.anim_time*120)*1"]
				},
				"circle3": {
					"rotation": {
						"0.0": {
							"post": [0, 0, 0],
							"lerp_mode": "catmullrom"
						},
						"0.4": {
							"post": [0, 0, 0],
							"lerp_mode": "catmullrom"
						},
						"0.8": {
							"post": [0, -25, 0],
							"lerp_mode": "catmullrom"
						},
						"1.0": {
							"post": [0, 25, 0],
							"lerp_mode": "catmullrom"
						},
						"1.4": {
							"post": [0, -540, 0],
							"lerp_mode": "catmullrom"
						},
						"1.8": {
							"post": [0, -720, 0],
							"lerp_mode": "catmullrom"
						},
						"3.0": {
							"post": [0, -900, 0],
							"lerp_mode": "catmullrom"
						}
					}
				},
				"circles": {
					"position": [0, "math.cos(q.anim_time*240)*1", 0]
				},
				"ring1": {
					"position": [0, "math.cos(q.anim_time*360)*0.2", 0]
				},
				"ring3": {
					"position": [0, "math.cos(q.anim_time*360)*-0.2", 0]
				}
			}
		},
		"animation.pokestop.activate": {
			"loop": "hold_on_last_frame",
			"animation_length": 1.5,
			"bones": {
				"pokestop": {
					"scale": {
						"0.8": {
							"post": [1, 1, 1],
							"lerp_mode": "catmullrom"
						},
						"0.9": {
							"post": [1, 1.1, 1],
							"lerp_mode": "catmullrom"
						},
						"1.2": {
							"post": [0, 0, 0],
							"lerp_mode": "catmullrom"
						}
					}
				},
				"circles": {
					"rotation": {
						"0.0": {
							"post": [0, 0, 0],
							"lerp_mode": "catmullrom"
						},
						"0.4": {
							"post": [0, -720, 0],
							"lerp_mode": "catmullrom"
						},
						"0.8": {
							"post": [0, -1080, 0],
							"lerp_mode": "catmullrom"
						},
						"1.2": {
							"post": [0, -1260, 0],
							"lerp_mode": "catmullrom"
						}
					}
				}
			},
			"sound_effects": {
				"0.0": {
					"effect": "open"
				}
			}
		},
		"animation.loot_bubbles.billboard": {
			"loop": true,
			"bones": {
				"body": {
					"rotation": ["q.camera_rotation(0)", "q.camera_rotation(1)-q.body_y_rotation", 0]
				}
			}
		}
	}
}