{
	"format_version": "1.8.0",
	"animations": {
		"animation.serppc_box.icon": {
			"loop": true,
			"bones": {
				"icon": {
					"rotation": ["q.camera_rotation(0)", "q.camera_rotation(1)-q.body_y_rotation", 0]
				}
			}
		},
		"animation.serppc_box.sleep": {
			"loop": true,
			"bones": {
				"up": {
					"position": [0, -10, 0]
				}
			}
		},
		"animation.serppc_box.wake": {
			"animation_length": 0.3,
			"bones": {
				"up": {
					"position": {
						"0.0": {
							"post": [0, -10, 0],
							"lerp_mode": "catmullrom"
						},
						"0.2": {
							"post": [0, 3, 0],
							"lerp_mode": "catmullrom"
						},
						"0.3": {
							"post": [0, 0, 0],
							"lerp_mode": "catmullrom"
						}
					}
				},
				"icon": {
					"scale": {
						"0.0": {
							"post": [0, 1, 1],
							"lerp_mode": "catmullrom"
						},
						"0.1": {
							"post": [1.3, 1, 1],
							"lerp_mode": "catmullrom"
						},
						"0.3": {
							"post": [1, 1, 1],
							"lerp_mode": "catmullrom"
						}
					}
				},
				"screen": {
					"position": {
						"0.0": {
							"post": [0, 0, 0],
							"lerp_mode": "catmullrom"
						},
						"0.2": {
							"post": [0, -2, 0],
							"lerp_mode": "catmullrom"
						},
						"0.3": {
							"post": [0, 0, 0],
							"lerp_mode": "catmullrom"
						}
					},
					"scale": {
						"0.0": {
							"post": [1, 0, 1],
							"lerp_mode": "catmullrom"
						},
						"0.2": {
							"post": [1, 1.3, 1],
							"lerp_mode": "catmullrom"
						},
						"0.3": {
							"post": [1, 1, 1],
							"lerp_mode": "catmullrom"
						}
					}
				}
			}
		}
	}
}