{
	"format_version": "1.8.0",
	"animations": {
		"animation.trader.trading": {
			"animation_length": 1,
			"loop": false,
			"sound_effects": {
				"0": {
					"effect": "trading"
				}
			}
		},
		"animation.trader.general": {
			"animation_length": 3,
			"bones": {
				"trader": {
					"rotation": 0
				}
			}
		},
		"animation.trader.admire": {
			"loop": true,
			"bones": {
				"ball": {
					"position": [42, 5, 0]
				},
				"lever": {
					"rotation": [90, 0, 0]
				}
			}
		},
		"animation.trader.prepare": {
			"loop": true,
			"animation_length": 0.38,
			"bones": {
				"ball1": {
					"position": {
						"0.0": {
							"post": [-6, 2.5, 0],
							"lerp_mode": "catmullrom"
						},
						"0.2": {
							"post": [6, 2.5, 0],
							"lerp_mode": "catmullrom"
						},
						"0.4": {
							"post": [6, -2.5, 0],
							"lerp_mode": "catmullrom"
						}
					}
				},
				"ball2": {
					"position": {
						"0.0": {
							"post": [6, -2.5, 0],
							"lerp_mode": "catmullrom"
						},
						"0.2": {
							"post": [-6, -2.5, 0],
							"lerp_mode": "catmullrom"
						},
						"0.4": {
							"post": [-6, 2.5, 0],
							"lerp_mode": "catmullrom"
						}
					}
				}
			}
		}
	}
}