{
	"format_version": "1.8.0",
	"animations": {
		"animation.healer.lights": {
			"loop": true,
			"animation_length": 6.4,
			"bones": {
				"1": {
					"rotation": {
						"0.0": [0, 0, 0],
						"6.4": [0, -360, 0]							}
				},
				"2": {
					"rotation": {
						"0.0": [0, 0, 0],
						"6.4": [0, -360, 0]							}
				},
				"3": {
					"rotation": {
						"0.0": [0, 0, 0],
						"6.4": [0, -360, 0]							}
				},
				"4": {
					"rotation": {
						"0.0": [0, 0, 0],
						"6.4": [0, -360, 0]							}
				},
				"5": {
					"rotation": {
						"0.0": [0, 0, 0],
						"6.4": [0, -360, 0]							}
				},
				"6": {
					"rotation": {
						"0.0": [0, 0, 0],
						"6.4": [0, -360, 0]							}
				}
			}
		}
	}
}