{
	"format_version": "1.8.0",
	"animations": {
		"animation.pc.say": {
			"loop": "hold_on_last_frame",
			"animation_length": 1,
			"sound_effects": {
            "0":{
					"effect": "say"
                }
			}
		},
		"animation.pc.spawn": {
			"animation_length": 0.4,
			"bones": {
				"pc_store": {
					"rotation": {
						"0.0": [0, 0, 0],
						"0.4": [0, -360, 0]
					},
					"scale": {
						"0.0": [0.4, 1, 1],
						"0.4": [1, 1, 1]
					}
				},
				"body": {
					"rotation": {
						"0.0": [0, 0, 0],
						"0.4": [0, 0, 0]
					}
				},
				"right_arm": {
					"rotation": {
						"0.0": [0, 0, -75],
						"0.4": [0, 0, 0]
					}
				},
				"left_arm": {
					"rotation": {
						"0.0": [0, 0, 75],
						"0.4": [0, 0, 0]
					}
				}
			}
		},
		"animation.pc.quiet": {
			"loop": true,
			"animation_length": 0.8,
			"bones": {
				"pc_store": {
					"rotation": {
						"0.0": [0, 0, -5],
						"0.4": [0, 0, 5],
						"0.8": [0, 0, -5]
					},
					"position": {
						"0.0": [0, 0, 0],
						"0.2": [0, 1, 0],
						"0.4": [0, 0, 0],
						"0.6": [0, 1, 0],
						"0.8": [0, 0, 0]
					}
				},
				"right_arm": {
					"rotation": {
						"0.0": [0, 0, -35],
						"0.2": [0, 0, 0],
						"0.4": [0, 0, -35],
						"0.6": [0, 0, 0],
						"0.8": [0, 0, -35]
					}
				},
				"left_arm": {
					"rotation": {
						"0.0": [0, 0, 35],
						"0.2": [0, 0, 0],
						"0.4": [0, 0, 35],
						"0.6": [0, 0, 0],
						"0.8": [0, 0, 35]
					}
				}
			}
		},
		"animation.pc.walk": {
			"loop": true,
			"bones": {
				"body": {
					"rotation": [10, 0, 0]
				},
				"right_arm": {
					"rotation": [80, 45, -60]
				},
				"left_arm": {
					"rotation": [80, -45, 60]
				}
			}
		}
	}
}