{
	"format_version":"1.8.0",
	"animations":{
		"animation.serpmob.open":{
			"loop":true,
			"bones":{
		"open_eyes":{"scale":1},
		"open_eyes1":{"scale":1},
		"open_eyes2":{"scale":1},
		"open_eyes3":{"scale":1},
		"open_eyes4":{"scale":1},
		"open_eyes5":{"scale":1},
		"open_eyes6":{"scale":1},
		"open_eyes7":{"scale":1},
		"open_eyes8":{"scale":1},
		"closed_eyes":{"scale":0},
		"closed_eyes0":{"scale":0},
		"closed_eyes2":{"scale":0},
		"closed_eyes3":{"scale":0},
		"closed_eyes4":{"scale":0},
		"closed_eyes5":{"scale":0},
		"closed_eyes6":{"scale":0},
		"closed_eyes7":{"scale":0},
		"closed_eyes8":{"scale":0},
		"angry_eyes":{"scale":0},
		"angry_eyes0":{"scale":0},
		"angry_eyes2":{"scale":0},
		"angry_eyes3":{"scale":0},
		"angry_eyes4":{"scale":0},
		"angry_eyes5":{"scale":0},
		"angry_eyes6":{"scale":0},
		"angry_eyes7":{"scale":0},
		"angry_eyes8":{"scale":0}
			}
		},
		"animation.serpmob.close":{
			"loop":true,
			"bones":{
		"open_eyes":{"scale":0},
		"open_eyes1":{"scale":0},
		"open_eyes2":{"scale":0},
		"open_eyes3":{"scale":0},
		"open_eyes4":{"scale":0},
		"open_eyes5":{"scale":0},
		"open_eyes6":{"scale":0},
		"open_eyes7":{"scale":0},
		"open_eyes8":{"scale":0},
		"closed_eyes":{"scale":1},
		"closed_eyes1":{"scale":1},
		"closed_eyes2":{"scale":1},
		"closed_eyes3":{"scale":1},
		"closed_eyes4":{"scale":1},
		"closed_eyes5":{"scale":1},
		"closed_eyes6":{"scale":1},
		"closed_eyes7":{"scale":1},
		"closed_eyes8":{"scale":1},
		"angry_eyes":{"scale":0},
		"angry_eyes0":{"scale":0},
		"angry_eyes1":{"scale":0},
		"angry_eyes2":{"scale":0},
		"angry_eyes3":{"scale":0},
		"angry_eyes4":{"scale":0},
		"angry_eyes5":{"scale":0},
		"angry_eyes6":{"scale":0},
		"angry_eyes7":{"scale":0},
		"angry_eyes8":{"scale":0}
			}
		}
	}
}