{
  "format_version":"1.8.0",
  "animations":{
    "animation.empty":{},
    "animation.attack.-1":{"animation_length":1,"particle_effects":{"0":[{"effect":"return_tail"}]}},
    "animation.attack.1":{"animation_length":1,"particle_effects":{"0":[{"effect":"fury_cut","locator":"diagonal_cut"}]}},"animation.attack.1h":{"animation_length":1,"particle_effects":{"0":[{"effect":"normal_hit"}]}},
    "animation.attack.2h":{"animation_length":1,"particle_effects":{"0":[{"effect":"fell_stinger"}]}},
    "animation.attack.3":{"animation_length":1,"loop":true,"bones":{"one":{"rotation":[0,0,"Math.round(q.anim_time*540)"]}},"particle_effects":{"0":[{"effect":"horn","locator":"one"}]}},"animation.attack.3h":{"animation_length":1,"particle_effects":{"0":[{"effect":"big_1_explosion"}]}},
    "animation.attack.4h":{"animation_length":1,"particle_effects":{"0":[{"effect":"big_1_explosion"}]}},
    "animation.attack.11":{"animation_length":1,"particle_effects":{"0":{"effect":"struggle_bug"}}},"animation.attack.11h":{"animation_length":1,"particle_effects":{"0":[{"effect":"fell_stinger"}]}},
    "animation.attack.12":{"animation_length":1,"particle_effects":{"0":{"effect":"silver_wind"}}},"animation.attack.12h":{"animation_length":1,"particle_effects":{"0":[{"effect":"normal_hit"}]}},
    "animation.attack.13":{"animation_length":1,"particle_effects":{"0":{"effect":"bug_buzz"}}},"animation.attack.13h":{"animation_length":1,"particle_effects":{"0":[{"effect":"big_1_explosion"}]}},
    "animation.attack.14":{"animation_length":1,"particle_effects":{"0":{"effect":"defend_order"}}},"animation.attack.14h":{"animation_length":1,"particle_effects":{"0":[{"effect":"medium_1_explosion"}]}},
    "animation.attack.15":{"animation_length":1,"particle_effects":{"0":{"effect":"string_shot"}}},"animation.attack.15h":{"animation_length":1,"particle_effects":{"0":[{"effect":"string_shot_hit"}]}},
    "animation.attack.16":{"animation_length":1,"particle_effects":{"0":{"effect":"quiver_dance"}}},
    "animation.attack.21h":{"animation_length":1,"bones":{"two":{"rotation":[0,0,90]},"part1":{"position":[0,5,0],"rotation":[0,0,90]},"part2":{"position":[0,5,0],"rotation":[0,0,-90]}},"particle_effects":{"0":[{"effect":"assurance","locator":"part1"},{"effect":"assurance","locator":"part2"},{"effect":"normal_hit"}]}},
    "animation.attack.22":{"animation_length":1,"particle_effects":{"0":[{"effect":"karate_chop"}]}},"animation.attack.22h":{"animation_length":1,"particle_effects":{"0":[{"effect":"dark_hit"}]}},
    "animation.attack.23":{"animation_length":1,"particle_effects":{"0":{"effect":"medium_smoke_attack"}}},"animation.attack.23h":{"animation_length":1,"particle_effects":{"0":[{"effect":"night_slash","locator":"diagonal_cut"}]}},
    "animation.attack.24h":{"animation_length":1,"bones":{"part1":{"position":[0,"Math.cos(q.anim_time*720)*0.5",0]},"part2":{"position":[0,"Math.cos(q.anim_time*720)*-0.5",0]}},"particle_effects":{"0":[{"effect":"bite","locator":"part1"},{"effect":"bite","locator":"part2"}]}},
    "animation.attack.25h":{"animation_length":1,"bones":{"part1":{"position":[0,"Math.cos(q.anim_time*720)*0.5",0]},"part2":{"position":[0,"Math.cos(q.anim_time*720)*-0.5",0]}},"particle_effects":{"0":[{"effect":"crunch","locator":"part1"},{"effect":"crunch","locator":"part2"},{"effect":"extra_hurt"}]}},
    "animation.attack.31":{"animation_length":1,"particle_effects":{"0":{"effect":"snart"}}},"animation.attack.31h":{"animation_length":1,"particle_effects":{"0":[{"effect":"big_2_explosion"}]}},
    "animation.attack.32":{"animation_length":1,"particle_effects":{"0":{"effect":"short_2_tail"}}},
    "animation.attack.32h":{"animation_length":1,"particle_effects":{"0":[{"effect":"medium_2_explosion"}]}},
    "animation.attack.33":{"animation_length":1,"particle_effects":{"0":{"effect":"night_daze"}}},"animation.attack.33h":{"animation_length":1,"particle_effects":{"0":[{"effect":"big_2_explosion"}]}},
    "animation.attack.34":{"animation_length":1,"particle_effects":{"0":{"effect":"hone_claws"}}},
    "animation.attack.35h":{"animation_length":1,"particle_effects":{"0":[{"effect":"flatter"}]}},
    "animation.attack.41h":{"animation_length":1,"particle_effects":{"0":[{"effect":"medium_2_explosion"},{"effect":"normal_hit"}]}},
    "animation.attack.42h":{"animation_length":1,"particle_effects":{"0":[{"effect":"dragon_claw","locator":"diagonal_cut"},{"effect":"medium_smoke_attack"}]}},
    "animation.attack.43":{"animation_length":1,"particle_effects":{"0":{"effect":"medium_smoke_attack"}}},"animation.attack.43h":{"animation_length":1,"particle_effects":{"0":[{"effect":"big_7_explosion"}]}},
    "animation.attack.44h":{"animation_length":1,"particle_effects":{"0":[{"effect":"medium_smoke_attack"},{"effect":"big_16_explosion"}]}},
    "animation.attack.51":{"animation_length":1,"loop":true,"bones":{"two":{"rotation":[90,"Math.round(q.anim_time*540)",0]}},"particle_effects":{"0":[{"effect":"short_3_tail","locator":"part1"},{"effect":"short_3_tail","locator":"part2"}]}},"animation.attack.51h":{"animation_length":1,"particle_effects":{"0":[{"effect":"tiny_smoke_attack"}]}},
    "animation.attack.52":{"animation_length":1,"particle_effects":{"0":{"effect":"long_3_tail"}}},"animation.attack.52h":{"animation_length":1,"particle_effects":{"0":[{"effect":"big_3_explosion"},{"effect":"medium_smoke_attack"}]}},
    "animation.attack.53h":{"animation_length":1,"particle_effects":{"0":[{"effect":"draco_meteor"},{"effect":"big_16_explosion"}]}},
    "animation.attack.54":{"animation_length":1,"particle_effects":{"0":{"effect":"long_2_tail"}}},"animation.attack.54h":{"animation_length":1,"particle_effects":{"0":[{"effect":"big_3_explosion"}]}},
    "animation.attack.55":{"animation_length":1,"particle_effects":{"0":{"effect":"long_3_tail"}}},"animation.attack.55h":{"animation_length":1,"particle_effects":{"0":[{"effect":"medium_smoke_attack"}]}},
    "animation.attack.56":{"animation_length":1,"particle_effects":{"0":[{"effect":"energy_d_out"},{"effect":"energy_d_in"}]}},
    "animation.attack.61h":{"animation_length":1,"bones":{"part1":{"position":[0,"Math.cos(q.anim_time*720)*0.5",0]},"part2":{"position":[0,"Math.cos(q.anim_time*720)*-0.5",0]}},"particle_effects":{"0":[{"effect":"bite","locator":"part1"},{"effect":"bite","locator":"part2"},{"effect":"medium_4_explosion"}]}},
    "animation.attack.62h":{"animation_length":1,"particle_effects":{"0":[{"effect":"assurance"},{"effect":"medium_4_explosion"}]}},
    "animation.attack.63":{"animation_length":1,"particle_effects":{"0":{"effect":"long_4_tail"}}},"animation.attack.63h":{"animation_length":1,"particle_effects":{"0":[{"effect":"big_4_explosion"},{"effect":"extra_hurt"}]}},
    "animation.attack.64":{"animation_length":1,"particle_effects":{"0":[{"effect":"medium_4_explosion"},{"effect":"short_4_tail"}]}},"animation.attack.64h":{"animation_length":1,"particle_effects":{"0":[{"effect":"big_4_explosion"}]}},
    "animation.attack.71":{"animation_length":1,"particle_effects":{"0":{"effect":"short_4_tail"}}},"animation.attack.71h":{"animation_length":1,"particle_effects":{"0":[{"effect":"medium_4_explosion"},{"effect":"tiny_smoke_attack"}]}},
    "animation.attack.72":{"animation_length":1,"particle_effects":{"0":[{"effect":"dark_clouds"},{"effect":"thunderbolt"}]}},"animation.attack.72h":{"animation_length":1,"particle_effects":{"0":[{"effect":"big_4_explosion"},{"effect":"tiny_smoke_attack"}]}},
    "animation.attack.73":{"animation_length":1,"particle_effects":{"0":[{"effect":"dark_clouds"},{"effect":"thunder"}]}},"animation.attack.73h":{"animation_length":1,"particle_effects":{"0":[{"effect":"big_4_explosion"},{"effect":"medium_smoke_attack"}]}},
    "animation.attack.74":{"animation_length":1,"particle_effects":{"0":{"effect":"electroweb"}}},"animation.attack.74h":{"animation_length":1,"particle_effects":{"0":[{"effect":"medium_1_explosion"}]}},
    "animation.attack.75":{"animation_length":1,"particle_effects":{"0":[{"effect":"dark_clouds"},{"effect":"thunderbolt"}]}},"animation.attack.75h":{"animation_length":1,"particle_effects":{"0":[{"effect":"thunder_wave"}]}},
    "animation.attack.76":{"animation_length":1,"particle_effects":{"0":[{"effect":"parabolic_charge"}]}},"animation.attack.76h":{"animation_length":1,"particle_effects":{"0":[{"effect":"big_4_explosion"}]}},
    "animation.attack.81h":{"animation_length":1,"particle_effects":{"0":[{"effect":"medium_smoke_attack"},{"effect":"normal_hit"}]}},
    "animation.attack.82":{"animation_length":1,"particle_effects":{"0":{"effect":"medium_2_explosion"}}},"animation.attack.82h":{"animation_length":1,"particle_effects":{"0":[{"effect":"medium_2_explosion"}]}},
    "animation.attack.83":{"animation_length":1,"particle_effects":{"0":{"effect":"tiny_smoke_attack"}}},"animation.attack.83h":{"animation_length":1,"particle_effects":{"0":[{"effect":"medium_5_explosion"},{"effect":"big_17_explosion"}]}},
    "animation.attack.91":{"animation_length":1,"particle_effects":{"0.0":[{"effect":"heal_big"},{"effect":"heal_big_2"},{"effect":"medium_5_explosion"}]}},"animation.attack.91h":{"animation_length":1,"particle_effects":{"0":[{"effect":"draining_kiss"},{"effect":"medium_5_explosion"}]}},
    "animation.attack.92":{"animation_length":1,"particle_effects":{"0":{"effect":"tiny_smoke_attack"}}},"animation.attack.92h":{"animation_length":1,"particle_effects":{"0":[{"effect":"silver_wind"},{"effect":"dazzling_gleam"}]}},
    "animation.attack.93":{"animation_length":1,"particle_effects":{"0":[{"effect":"moonblast"}]}},"animation.attack.93h":{"animation_length":1,"particle_effects":{"0":[{"effect":"big_5_explosion"}]}},
    "animation.attack.94":{"animation_length":1,"particle_effects":{"0":{"effect":"short_5_tail"}}},"animation.attack.94h":{"animation_length":1,"particle_effects":{"0":[{"effect":"draining_kiss"},{"effect":"medium_5_explosion"}]}},
    "animation.attack.95":{"animation_length":1,"particle_effects":{"0":{"effect":"medium_5_explosion"}}},"animation.attack.95h":{"animation_length":1,"bones":{"two":{"rotation":[0,0,90]}},"particle_effects":{"0":[{"effect":"babydoll_eyes","locator":"part1"},{"effect":"babydoll_eyes","locator":"part2"}]}},
    "animation.attack.96":{"animation_length":1,"particle_effects":{"0":{"effect":"medium_5_explosion"}}},"animation.attack.96h":{"animation_length":1,"particle_effects":{"0":[{"effect":"big_5_explosion"}]}},
    "animation.attack.101":{"animation_length":1,"particle_effects":{"0":{"effect":"karate_chop"}}},"animation.attack.101h":{"animation_length":1,"particle_effects":{"0":[{"effect":"normal_hit"}]}},
    "animation.attack.102h":{"animation_length":1,"particle_effects":{"0":[{"effect":"sky_uppercut"},{"effect":"normal_hit"}]}},
    "animation.attack.103":{"animation_length":1,"particle_effects":{"0":{"effect":"tiny_smoke_attack"}}},"animation.attack.103h":{"animation_length":1,"particle_effects":{"0":[{"effect":"big_6_explosion"},{"effect":"extra_hurt"}]}},
    "animation.attack.104h":{"animation_length":1,"particle_effects":{"0":[{"effect":"cross_chop","locator":"diagonal_cut"},{"effect":"normal_hit"}]}},
    "animation.attack.105h":{"animation_length":1,"particle_effects":{"0":[{"effect":"karate_chop"},{"effect":"big_16_explosion"}]}},
    "animation.attack.106":{"animation_length":1,"particle_effects":{"0":[{"effect":"hammer_arm"}]}},"animation.attack.106h":{"animation_length":1,"particle_effects":{"0":[{"effect":"ground_clouds"},{"effect":"normal_hit"}]}},
    "animation.attack.111":{"animation_length":1,"particle_effects":{"0":{"effect":"short_6_tail"}}},"animation.attack.111h":{"animation_length":1,"particle_effects":{"0":[{"effect":"vacuum_wave"},{"effect":"silver_wind"}]}},
    "animation.attack.112":{"animation_length":1,"particle_effects":{"0":[{"effect":"aura_sphere"}]}},"animation.attack.112h":{"animation_length":1,"particle_effects":{"0":[{"effect":"medium_smoke_attack"}]}},
    "animation.attack.113":{"animation_length":1,"particle_effects":{"0":[{"effect":"short_6_tail"},{"effect":"focus_blast"}]}},"animation.attack.113h":{"animation_length":1,"particle_effects":{"0":[{"effect":"medium_smoke_attack"}]}},
    "animation.attack.114":{"animation_length":1,"loop":true,"bones":{"two":{"rotation":[90,"Math.round(q.anim_time*540)",0],"position":[0,"q.anim_time*15",0]}},"particle_effects":{"0":[{"effect":"short_6_tail","locator":"part1"},{"effect":"short_6_tail","locator":"part2"}]}},
    "animation.attack.121":{"animation_length":1,"particle_effects":{"0":{"effect":"flame_charge"}}},"animation.attack.121h":{"animation_length":1,"particle_effects":{"0":[{"effect":"big_7_explosion"},{"effect":"extra_hurt"}]}},
    "animation.attack.122h":{"animation_length":1,"particle_effects":{"0":[{"effect":"assurance"},{"effect":"medium_7_explosion"}]}},
    "animation.attack.123":{"animation_length":1,"particle_effects":{"0":{"effect":"long_7_tail"}}},"animation.attack.123h":{"animation_length":1,"particle_effects":{"0":[{"effect":"big_7_explosion"}]}},
    "animation.attack.124h":{"animation_length":1,"bones":{"part1":{"position":[0,"Math.cos(q.anim_time*720)*0.5",0]},"part2":{"position":[0,"Math.cos(q.anim_time*720)*-0.5",0]}},"particle_effects":{"0":[{"effect":"bite","locator":"part1"},{"effect":"bite","locator":"part2"},{"effect":"medium_7_explosion"}]}},
    "animation.attack.125h":{"animation_length":1,"particle_effects":{"0":[{"effect":"blaze_kick"},{"effect":"medium_7_explosion"}]}},
    "animation.attack.131":{"animation_length":1,"particle_effects":{"0":{"effect":"short_7_tail"}}},"animation.attack.131h":{"animation_length":1,"particle_effects":{"0":[{"effect":"medium_7_explosion"},{"effect":"tiny_smoke_attack"}]}},
    "animation.attack.132":{"animation_length":1,"particle_effects":{"0":{"effect":"long_7_tail"}}},"animation.attack.132h":{"animation_length":1,"particle_effects":{"0":{"effect":"big_7_explosion"}}},
    "animation.attack.133":{"animation_length":1,"particle_effects":{"0":[{"effect":"fire_blast","locator":"blast1"},{"effect":"fire_blast","locator":"blast2"},{"effect":"fire_blast","locator":"blast3"},{"effect":"fire_blast","locator":"blast4"},{"effect":"fire_blast","locator":"blast5"}]}},"animation.attack.133h":{"animation_length":1,"particle_effects":{"0":[{"effect":"big_7_explosion"},{"effect":"medium_smoke_attack"}]}},
    "animation.attack.134":{"animation_length":1,"particle_effects":{"0":{"effect":"will_o_wisp"}}},"animation.attack.134h":{"animation_length":1,"particle_effects":{"0":[{"effect":"medium_7_explosion"}]}},
    "animation.attack.135":{"animation_length":1,"particle_effects":{"0.0":{"effect":"short_7_tail"}}},"animation.attack.135h":{"animation_length":1,"particle_effects":{"0.0":[{"effect":"medium_6_explosion"},{"effect":"medium_smoke_attack"}]}},
    "animation.attack.141h":{"animation_length":1,"particle_effects":{"0.0":[{"effect":"tiny_smoke_attack"},{"effect":"medium_8_explosion"}]}},
    "animation.attack.142h":{"animation_length":1,"particle_effects":{"0.0":[{"effect":"acrobatics"},{"effect":"normal_hit"}]}},
    "animation.attack.143h":{"animation_length":1,"particle_effects":{"0.0":[{"effect":"wing_attack"},{"effect":"medium_8_explosion"}]}},
    "animation.attack.144":{"animation_length":1,"particle_effects":{"0.0":{"effect":"stars_tail"}}},"animation.attack.144h":{"animation_length":1,"particle_effects":{"0.0":[{"effect":"big_8_explosion"}]}},
    "animation.attack.145":{"animation_length":1,"particle_effects":{"0.0":{"effect":"short_2_tail"}}},"animation.attack.145h":{"animation_length":1,"particle_effects":{"0.0":[{"effect":"medium_8_explosion"}]}},
    "animation.attack.151":{"animation_length":2,"particle_effects":{"0.0":[{"effect":"gust"}]}},"animation.attack.151h":{"animation_length":4,"particle_effects":{"0.0":[{"effect":"medium_8_explosion"}]}},
    "animation.attack.152":{"animation_length":1,"particle_effects":{"0.0":{"effect":"air_cutter"}}},"animation.attack.152h":{"animation_length":1,"particle_effects":{"0.0":[{"effect":"acrobatics"},{"effect":"medium_smoke_attack"}]}},
    "animation.attack.153":{"animation_length":1,"loop":true,"bones":{"two":{"rotation":[90,"Math.round(q.anim_time*540)",0]},"part1":{"position":[0,10,0]},"part2":{"position":[0,10,0]}},"particle_effects":{"0":[{"effect":"air_cutter","locator":"part1"},{"effect":"air_cutter","locator":"part2"}]}},"animation.attack.153h":{"animation_length":1,"particle_effects":{"0.0":[{"effect":"big_8_explosion"}]}},
    "animation.attack.154h":{"animation_length":1,"particle_effects":{"0.0":[{"effect":"wing_attack","locator":"diagonal_cut"},{"effect":"big_8_explosion"}]}},
    "animation.attack.155":{"animation_length":1,"particle_effects":{"0.0":[{"effect":"big_8_explosion"}]}},
    "animation.attack.161h":{"animation_length":1,"particle_effects":{"0.0":[{"effect":"lick"},{"effect":"medium_18_explosion"}]}},
    "animation.attack.162":{"animation_length":1,"particle_effects":{"0.0":{"effect":"short_9_tail"}}},"animation.attack.162h":{"animation_length":1,"particle_effects":{"0.0":[{"effect":"shadow_sneak"},{"effect":"big_2_explosion"}]}},
    "animation.attack.163h":{"animation_length":1,"particle_effects":{"0.0":[{"effect":"shadow_claw"},{"effect":"medium_9_attack"}]}},
    "animation.attack.164h":{"animation_length":1,"particle_effects":{"0.0":[{"effect":"punch"},{"effect":"medium_9_attack"}]}},
    "animation.attack.165h":{"animation_length":1,"particle_effects":{"0.0":[{"effect":"medium_2_attack"}]}},
    "animation.attack.171":{"animation_length":1,"particle_effects":{"0.0":{"effect":"big_2_explosion"}}},"animation.attack.171h":{"animation_length":1,"particle_effects":{"0.0":[{"effect":"big_2_explosion"}]}},
    "animation.attack.172":{"animation_length":1,"particle_effects":{"0.0":{"effect":"short_2_tail"}}},"animation.attack.172h":{"animation_length":1,"particle_effects":{"0.0":[{"effect":"big_2_explosion"},{"effect":"big_9_explosion"}]}},
    "animation.attack.173":{"animation_length":1,"particle_effects":{"0.0":{"effect":"shadow_ball"}}},"animation.attack.173h":{"animation_length":1,"particle_effects":{"0.0":[{"effect":"big_9_explosion"}]}},
    "animation.attack.174":{"animation_length":1,"particle_effects":{"0.0":{"effect":"confuse_ray"}}},"animation.attack.174h":{"animation_length":1,"particle_effects":{"0.0":[{"effect":"tiny_smoke_attack"}]}},
    "animation.attack.175":{"animation_length":1,"particle_effects":{"0.0":{"effect":"medium_smoke_attack"}}},"animation.attack.175h":{"animation_length":1,"particle_effects":{"0.0":[{"effect":"medium_smoke_attack"}]}},
    "animation.attack.181":{"animation_length":0.1,"particle_effects":{"0.0":{"effect":"leafage"}}},"animation.attack.181h":{"animation_length":0.1,"particle_effects":{"0.0":{"effect":"medium_10_explosion"}}},
    "animation.attack.182":{"animation_length":0.1,"particle_effects":{"0.0":{"effect":"rotating_leaf"}}},"animation.attack.182h":{"animation_length":0.1,"particle_effects":{"0.0":{"effect":"medium_10_explosion"}}},
    "animation.attack.183":{"animation_length":0.1,"particle_effects":{"0.0":{"effect":"leaf_cut","locator":"diagonal_cut"}}},"animation.attack.183h":{"animation_length":0.1,"particle_effects":{"0.0":{"effect":"normal_hit"}}},
    "animation.attack.184":{"animation_length":0.1,"particle_effects":{"0.0":{"effect":"short_seed"}}},"animation.attack.184h":{"animation_length":0.1,"particle_effects":{"0.0":{"effect":"normal_hit"}}},
    "animation.attack.191":{"animation_length":0.1,"particle_effects":{"0.0":[{"effect":"heal_big"},{"effect":"medium_10_explosion"}]}},
    "animation.attack.192":{"animation_length":0.1,"particle_effects":{"0.0":[{"effect":"heal_big"},{"effect":"heal_big_2"},{"effect":"medium_10_explosion"}]}},
    "animation.attack.193":{"animation_length":0.1,"particle_effects":{"0.0":{"effect":"leaf_storm"}}},"animation.attack.193h":{"animation_length":0.1,"particle_effects":{"0.0":{"effect":"normal_hit"}}},
    "animation.attack.194":{"animation_length":0.1,"particle_effects":{"0.0":[{"effect":"energy_ball"},{"effect":"heal_big_2"}]}},"animation.attack.194h":{"animation_length":0.1,"particle_effects":{"0.0":{"effect":"normal_hit"}}},
    "animation.attack.195":{"animation_length":0.1,"particle_effects":{"0.0":{"effect":"yellow_spore_small"}}},"animation.attack.195h":{"animation_length":0.1,"particle_effects":{"0.0":{"effect":"yellow_spore"}}},
    "animation.attack.196":{"animation_length":0.1,"particle_effects":{"0.0":{"effect":"blue_spore_small"}}},"animation.attack.196h":{"animation_length":0.1,"particle_effects":{"0.0":{"effect":"blue_spore"}}},
    "animation.attack.201":{"animation_length":0.1,"particle_effects":{"0.0":[{"effect":"ground_out"}]}},"animation.attack.201h":{"animation_length":0.1,"particle_effects":{"0.0":[{"effect":"ground_center"},{"effect":"normal_hit"}]}},
    "animation.attack.202h":{"animation_length":0.1,"particle_effects":{"0.0":[{"effect":"horseshoe"},{"effect":"normal_hit"}]}},
    "animation.attack.203":{"animation_length":0.1,"particle_effects":{"0.0":[{"effect":"ground_out"}]}},"animation.attack.203h":{"animation_length":0.1,"particle_effects":{"0.0":[{"effect":"ground_center"},{"effect":"normal_hit"}]}},
    "animation.attack.204":{"animation_length":1,"loop":true,"bones":{"horn":{"rotation":[0,0,"math.round(q.anim_time*360)"]}}},"animation.attack.204h":{"animation_length":0.1,"particle_effects":{"0.0":{"effect":"ground_out"}}},
    "animation.attack.211":{"animation_length":0.1,"particle_effects":{"0.0":{"effect":"short_11_tail"}}},"animation.attack.211h":{"animation_length":0.1,"particle_effects":{"0.0":[{"effect":"ground_out"},{"effect":"normal_hit"}]}},
    "animation.attack.212":{"animation_length":0.1,"particle_effects":{"0.0":{"effect":"long_11_tail"}}},"animation.attack.212h":{"animation_length":0.1,"particle_effects":{"0.0":[{"effect":"ground_out"},{"effect":"normal_hit"}]}},
    "animation.attack.213":{"animation_length":0.1,"particle_effects":{"0.0":[{"effect":"short_seed"},{"effect":"long_11_tail"}]}},"animation.attack.213h":{"animation_length":0.1,"particle_effects":{"0.0":[{"effect":"ground_out"},{"effect":"normal_hit"}]}},
    "animation.attack.214":{"animation_length":0.1,"particle_effects":{"0.0":{"effect":"sand"}}},
    "animation.attack.215":{"animation_length":0.1,"particle_effects":{"0.0":{"effect":"sand_big"}}},"animation.attack.215h":{"animation_length":0.1,"particle_effects":{"0.0":[{"effect":"big_7_explosion"}]}},
    "animation.attack.216":{"animation_length":0.1,"particle_effects":{"0.0":{"effect":"eruption"}}},"animation.attack.216h":{"animation_length":0.1,"particle_effects":{"0.0":[{"effect":"eruption"},{"effect":"big_7_explosion"}]}},
    "animation.attack.221":{"animation_length":0.1,"particle_effects":{"0.0":{"effect":"short_12_tail"}}},"animation.attack.221h":{"animation_length":0.1,"particle_effects":{"0.0":{"effect":"medium_12_explosion"}}},
    "animation.attack.222h":{"animation_length":0.1,"particle_effects":{"0.0":[{"effect":"bite","locator":"part1"},{"effect":"bite","locator":"part2"},{"effect":"medium_12_explosion"}]}},
    "animation.attack.223h":{"animation_length":0.1,"particle_effects":{"0.0":[{"effect":"punch"},{"effect":"medium_12_explosion"}]}},
    "animation.attack.224":{"animation_length":0.1,"particle_effects":{"0.0":{"effect":"icicle_crash"}}},"animation.attack.224h":{"animation_length":0.1,"particle_effects":{"0.0":[{"effect":"medium_12_explosion"}]}},
    "animation.attack.225":{"animation_length":0.1,"particle_effects":{"0.0":{"effect":"medium_12_explosion"}}},"animation.attack.225h":{"animation_length":0.1,"particle_effects":{"0.0":[{"effect":"big_12_explosion"}]}},
    "animation.attack.226":{"animation_length":0.1,"particle_effects":{"0.0":{"effect":"icicle_spear"}}},"animation.attack.226h":{"animation_length":0.1,"particle_effects":{"0.0":{"effect":"medium_12_explosion"}}},
    "animation.attack.231":{"animation_length":0.1,"particle_effects":{"0.0":{"effect":"ice_dust"}}},"animation.attack.231h":{"animation_length":0.1,"particle_effects":{"0.0":[{"effect":"ice_dust_big"}]}},
    "animation.attack.232":{"animation_length":0.1,"particle_effects":{"0.0":{"effect":"ice_dust_big"}}},"animation.attack.232h":{"animation_length":0.1,"particle_effects":{"0.0":[{"effect":"medium_12_explosion"},{"effect":"ice_dust_big"}]}},
    "animation.attack.233":{"animation_length":0.1,"particle_effects":{"0.0":{"effect":"ice_beam"}}},"animation.attack.233h":{"animation_length":0.1,"particle_effects":{"0.0":{"effect":"medium_12_explosion"}}},
    "animation.attack.234":{"animation_length":0.1,"particle_effects":{"0.0":{"effect":"aurora_beam"}}},"animation.attack.234h":{"animation_length":0.1,"particle_effects":{"0.0":{"effect":"medium_12_explosion"}}},
    "animation.attack.241h":{"animation_length":0.1,"particle_effects":{"0.0":{"effect":"normal_hit"}}},
    "animation.attack.242h":{"animation_length":0.1,"particle_effects":{"0.0":[{"effect":"claw","locator":"diagonal_cut"},{"effect":"normal_hit"}]}},
    "animation.attack.243":{"animation_length":0.1,"particle_effects":{"0.0":{"effect":"white_aura"}}},"animation.attack.243h":{"animation_length":0.1,"particle_effects":{"0.0":{"effect":"normal_hit"}}},
    "animation.attack.244":{"animation_length":0.1,"particle_effects":{"0.0":{"effect":"heart"}}},"animation.attack.244h":{"animation_length":0.1,"particle_effects":{"0.0":{"effect":"normal_hit"}}},
    "animation.attack.246h":{"animation_length":0.1,"particle_effects":{"0.0":[{"effect":"false_swipe","locator":"diagonal_cut"},{"effect":"normal_hit"}]}},
    "animation.attack.252":{"animation_length":0.1,"particle_effects":{"0.0":{"effect":"stars_360"}}},"animation.attack.252h":{"animation_length":0.1,"particle_effects":{"0.0":{"effect":"normal_hit"}}},
    "animation.attack.253":{"animation_length":0.1,"particle_effects":{"0.0":{"effect":"hyper_beam"}}},"animation.attack.253h":{"animation_length":0.1,"particle_effects":{"0.0":[{"effect":"explosion_sphere"},{"effect":"explosion"}]}},
    "animation.attack.257":{"animation_length":0.1,"particle_effects":{"0.0":{"effect":"growl"}}},
    "animation.attack.261h":{"animation_length":0.1,"particle_effects":{"0.0":[{"effect":"punch"},{"effect":"medium_14_explosion"}]}},
    "animation.attack.262":{"animation_length":0.1,"particle_effects":{"0.0":{"effect":"long_14_tail"}}},"animation.attack.262h":{"animation_length":0.1,"particle_effects":{"0.0":{"effect":"medium_14_explosion"}}},
    "animation.attack.263":{"animation_length":0.1,"particle_effects":{"0.0":{"effect":"gunk_shot"}}},"animation.attack.263h":{"animation_length":0.1,"particle_effects":{"0.0":{"effect":"big_14_explosion"}}},
    "animation.attack.264h":{"animation_length":0.1,"particle_effects":{"0.0":[{"effect":"poison_x","locator":"diagonal_cut"},{"effect":"normal_hit"}]}},
    "animation.attack.271":{"animation_length":0.1,"particle_effects":{"0.0":[{"effect":"short_seed"},{"effect":"long_14_tail"}]}},"animation.attack.271h":{"animation_length":0.1,"particle_effects":{"0.0":[{"effect":"ground_out"},{"effect":"medium_14_explosion"}]}},
    "animation.attack.272":{"animation_length":0.1,"particle_effects":{"0.0":{"effect":"long_14_tail"}}},"animation.attack.272h":{"animation_length":0.1,"particle_effects":{"0.0":{"effect":"big_14_explosion"}}},
    "animation.attack.273":{"animation_length":0.1,"particle_effects":{"0.0":[{"effect":"short_seed"},{"effect":"long_14_tail"}]}},"animation.attack.273h":{"animation_length":0.1,"particle_effects":{"0.0":{"effect":"big_14_explosion"}}},
    "animation.attack.274":{"animation_length":0.1,"particle_effects":{"0.0":{"effect":"long_14_tail"}}},
    "animation.attack.275":{"animation_length":0.1,"particle_effects":{"0.0":{"effect":"purple_spore_small"}}},"animation.attack.275h":{"animation_length":0.1,"particle_effects":{"0.0":{"effect":"purple_spore"}}},
    "animation.attack.276h":{"animation_length":0.1,"particle_effects":{"0.0":{"effect":"smog"}}},
    "animation.attack.281h":{"animation_length":0.1,"particle_effects":{"0.0":[{"effect":"psychic_cut","locator":"diagonal_cut"},{"effect":"normal_hit"}]}},
    "animation.attack.282h":{"animation_length":0.1,"particle_effects":{"0.0":{"effect":"medium_15_explosion"}}},
    "animation.attack.283":{"animation_length":0.1,"particle_effects":{"0.0":[{"effect":"long_heart_tail"},{"effect":"long_15_tail"}]}},"animation.attack.283h":{"animation_length":0.1,"particle_effects":{"0.0":{"effect":"medium_15_explosion"}}},
    "animation.attack.284h":{"animation_length":0.1,"particle_effects":{"0.0":[{"effect":"bite","locator":"part1"},{"effect":"bite","locator":"part2"},{"effect":"medium_15_explosion"}]}},
    "animation.attack.291":{"animation_length":0.1,"particle_effects":{"0.0":{"effect":"psychic_out"}}},"animation.attack.291h":{"animation_length":0.1,"particle_effects":{"0.0":{"effect":"psychic_center"}}},
    "animation.attack.292":{"animation_length":0.1,"particle_effects":{"0.0":{"effect":"psychic_out_tail"}}},"animation.attack.292h":{"animation_length":0.1,"particle_effects":{"0.0":{"effect":"medium_15_explosion"}}},
    "animation.attack.293":{"animation_length":0.1,"particle_effects":{"0.0":{"effect":"psychic_out_tail"}}},"animation.attack.293h":{"animation_length":0.1,"particle_effects":{"0.0":[{"effect":"sleeping"},{"effect":"sleeping2"}]}},
    "animation.attack.294":{"animation_length":0.1,"particle_effects":{"0.0":{"effect":"psychic_center_xz"}}},"animation.attack.294h":{"animation_length":0.1,"particle_effects":{"0.0":{"effect":"normal_hit"}}},
    "animation.attack.295h":{"animation_length":0.1,"particle_effects":{"0.0":[{"effect":"sleeping"},{"effect":"sleeping2"}]}},
    "animation.attack.301":{"animation_length":0.1,"particle_effects":{"0.0":{"effect":"short_16_tail"}}},"animation.attack.301h":{"animation_length":0.1,"particle_effects":{"0.0":{"effect":"medium_15_explosion"}}},
    "animation.attack.302":{"animation_length":0.1,"particle_effects":{"0.0":{"effect":"rock_fall"}}},"animation.attack.302h":{"animation_length":0.1,"particle_effects":{"0.0":{"effect":"normal_hit"}}},
    "animation.attack.303h":{"animation_length":0.1,"particle_effects":{"0.0":[{"effect":"stone_edge"},{"effect":"normal_hit"}]}},
    "animation.attack.304h":{"animation_length":0.1,"particle_effects":{"0.0":[{"effect":"explosion"},{"effect":"big_16_explosion"}]}},
    "animation.attack.305":{"animation_length":0.1,"particle_effects":{"0.0":{"effect":"rock_fall"}}},"animation.attack.305h":{"animation_length":0.1,"particle_effects":{"0.0":{"effect":"big_16_explosion"}}},
    "animation.attack.306":{"animation_length":0.1,"particle_effects":{"0.0":{"effect":"short_16_tail"}}},"animation.attack.306h":{"animation_length":0.1,"particle_effects":{"0.0":[{"effect":"big_16_explosion"},{"effect":"ground_out"}]}},
    "animation.attack.311":{"animation_length":0.1,"particle_effects":{"0.0":{"effect":"magic_rocks"}}},"animation.attack.311h":{"animation_length":0.1,"particle_effects":{"0.0":{"effect":"psychic_out"}}},
    "animation.attack.312":{"animation_length":0.1,"particle_effects":{"0.0":{"effect":"power_gem"}}},"animation.attack.312h":{"animation_length":0.1,"particle_effects":{"0.0":[{"effect":"normal_hit"}]}},
    "animation.attack.313":{"animation_length":0.1,"particle_effects":{"0.0":[{"effect":"long_16_tail"},{"effect":"stars_tail"}]}},"animation.attack.313h":{"animation_length":0.1,"particle_effects":{"0.0":{"effect":"big_16_explosion"}}},
    "animation.attack.314":{"animation_length":0.1,"particle_effects":{"0.0":{"effect":"polish"}}},
    "animation.attack.321h":{"animation_length":0.1,"particle_effects":{"0.0":[{"effect":"claw","locator":"diagonal_cut"},{"effect":"medium_17_explosion"}]}},
    "animation.attack.322":{"animation_length":1,"loop":true,"bones":{"horn":{"rotation":[0,0,"math.round(q.anim_time*360)"]}}},"animation.attack.322h":{"animation_length":0.1,"particle_effects":{"0.0":{"effect":"medium_17_explosion"}}},
    "animation.attack.323h":{"animation_length":0.1,"particle_effects":{"0.0":{"effect":"medium_17_explosion"}}},
    "animation.attack.324h":{"animation_length":0.1,"particle_effects":{"0.0":[{"effect":"punch"},{"effect":"medium_17_explosion"}]}},
    "animation.attack.325h":{"animation_length":0.1,"particle_effects":{"0.0":{"effect":"big_17_explosion"}}},
    "animation.attack.326":{"animation_length":0.1,"particle_effects":{"0.0":{"effect":"long_8_tail"}}},"animation.attack.326h":{"animation_length":0.1,"particle_effects":{"0.0":{"effect":"medium_17_explosion"}}},
    "animation.attack.327h":{"animation_length":0.1,"particle_effects":{"0.0":[{"effect":"punch"},{"effect":"medium_17_explosion"},{"effect":"stars_tail"}]}},
    "animation.attack.332":{"animation_length":0.1,"particle_effects":{"0.0":{"effect":"flash_cannon"}}},"animation.attack.332h":{"animation_length":0.1,"particle_effects":{"0.0":{"effect":"big_17_explosion"}}},
    "animation.attack.333":{"animation_length":0.1,"particle_effects":{"0.0":{"effect":"metal_laser"}}},"animation.attack.333h":{"animation_length":0.1,"particle_effects":{"0.0":[{"effect":"big_17_explosion"},{"effect":"explosion"}]}},
    "animation.attack.341":{"animation_length":0.1,"particle_effects":{"0.0":{"effect":"medium_18_explosion"}}},"animation.attack.341h":{"animation_length":0.1,"particle_effects":{"0.0":[{"effect":"big_18_explosion"}]}},
    "animation.attack.342":{"animation_length":0.1,"particle_effects":{"0.0":{"effect":"waterfall"}}},"animation.attack.342h":{"animation_length":0.1,"particle_effects":{"0.0":[{"effect":"big_18_explosion"}]}},
    "animation.attack.343h":{"animation_length":0.1,"particle_effects":{"0.0":[{"effect":"short_18_tail","locator":"diagonal_cut"},{"effect":"medium_18_explosion"}]}},
    "animation.attack.351":{"animation_length":0.1,"particle_effects":{"0.0":{"effect":"short_bubble_tail"}}},"animation.attack.351h":{"animation_length":0.1,"particle_effects":{"0.0":[{"effect":"medium_18_explosion"}]}},
    "animation.attack.352":{"animation_length":0.1,"particle_effects":{"0.0":{"effect":"water_pulse"}}},"animation.attack.352h":{"animation_length":0.1,"particle_effects":{"0.0":[{"effect":"medium_18_explosion"}]}},
    "animation.attack.353":{"animation_length":0.1,"particle_effects":{"0.0":{"effect":"hydro_pump"}}},"animation.attack.353h":{"animation_length":0.1,"particle_effects":{"0.0":[{"effect":"big_18_explosion"}]}},
    "animation.attack.354":{"animation_length":0.1,"particle_effects":{"0.0":{"effect":"short_18_tail"}}},"animation.attack.354h":{"animation_length":0.1,"particle_effects":{"0.0":[{"effect":"medium_18_explosion"}]}},
    "animation.attack.355":{"animation_length":0.1,"particle_effects":{"0.0":{"effect":"water_out"}}},"animation.attack.355h":{"animation_length":0.1,"particle_effects":{"0.0":[{"effect":"water_center"},{"effect":"big_18_explosion"}]}},
    "animation.attack.356h":{"animation_length":0.1,"particle_effects":{"0.0":[{"effect":"polish"},{"effect":"big_18_explosion"}]}},
    "animation.attack.357":{"animation_length":0.1,"particle_effects":{"0.0":{"effect":"mud_water_out"}}},"animation.attack.357h":{"animation_length":0.1,"particle_effects":{"0.0":[{"effect":"mud_water_center"},{"effect":"big_18_explosion"}]}},
    "animation.attack.1000":{"animation_length":0.1},"animation.attack.1000h":{"animation_length":0.1},
    "animation.attack.1001":{"animation_length":0.1},"animation.attack.1001h":{"animation_length":0.1},
    "animation.attack.1002":{"animation_length":0.1},"animation.attack.1002h":{"animation_length":0.1},
    "animation.attack.1003":{"animation_length":0.1},"animation.attack.1003h":{"animation_length":0.1},
    "animation.attack.1004":{"animation_length":0.1},"animation.attack.1004h":{"animation_length":0.1},
    "animation.attack.2001":{"animation_length":16,"particle_effects":{"0.0":{"effect":"max_bug"}}},"animation.attack.2001h":{"animation_length":1,"particle_effects":{"0.0":{"effect":"max_bug_hit"}}},
    "animation.attack.2002":{"animation_length":16,"particle_effects":{"0.0":{"effect":"max_dark"}}},"animation.attack.2002h":{"animation_length":0.1},
    "animation.attack.2003":{"animation_length":16,"particle_effects":{"0.0":{"effect":"max_draco"}}},"animation.attack.2003h":{"animation_length":0.1},
    "animation.attack.2004":{"animation_length":26,"particle_effects":{"0.0":[{"effect":"max_dark_clouds"},{"effect":"max_electric"}]}},"animation.attack.2004h":{"animation_length":1,"particle_effects":{"0.0":{"effect":"max_electric_hit"}}},
    "animation.attack.2005":{"animation_length":16,"particle_effects":{"0.0":{"effect":"max_fairy"}}},"animation.attack.2005h":{"animation_length":1,"particle_effects":{"0.0":{"effect":"max_fairy_hit"}}},
    "animation.attack.2006":{"animation_length":16,"particle_effects":{"0.0":{"effect":"max_fight"}}},"animation.attack.2006h":{"animation_length":0.1,"particle_effects":{"0.0":[{"effect":"explosion_sphere"},{"effect":"explosion"}]}},
    "animation.attack.2007":{"animation_length":16,"particle_effects":{"0.0":{"effect":"max_fire"}}},"animation.attack.2007h":{"animation_length":0.1},
    "animation.attack.2008":{"animation_length":16,"particle_effects":{"0.0":[{"effect":"max_flying"},{"effect":"max_flying"}]}},"animation.attack.2008h":{"animation_length":0.1},
    "animation.attack.2009":{"animation_length":16,"particle_effects":{"0.0":{"effect":"max_ghost"}}},"animation.attack.2009h":{"animation_length":0.1},
    "animation.attack.2010":{"animation_length":16,"particle_effects":{"0.0":[{"effect":"max_grass"},{"effect":"max_petals"}]}},"animation.attack.2010h":{"animation_length":0.1,"particle_effects":{"0.0":{"effect":"max_grass_hit"}}},
    "animation.attack.2011":{"animation_length":16,"particle_effects":{"0.0":[{"effect":"max_ground"},{"effect":"max_ground2"}]}},"animation.attack.2011h":{"animation_length":0.1},
    "animation.attack.2012":{"animation_length":0.1},"animation.attack.2012h":{"animation_length":0.1},
    "animation.attack.2013":{"animation_length":0.1},"animation.attack.2013h":{"animation_length":0.1},
    "animation.attack.2014":{"animation_length":0.1},"animation.attack.2014h":{"animation_length":0.1},
    "animation.attack.2015":{"animation_length":0.1},"animation.attack.2015h":{"animation_length":0.1},
    "animation.attack.2016":{"animation_length":0.1},"animation.attack.2016h":{"animation_length":0.1},
    "animation.attack.2017":{"animation_length":0.1},"animation.attack.2017h":{"animation_length":0.1},
    "animation.attack.2018":{"animation_length":0.1},"animation.attack.2018h":{"animation_length":0.1},
    "animation.attack.2019":{"animation_length":20,"bones":{"part2":{"position":[0,-5,1]}},"particle_effects":{"0":{"effect":"max_barrier","locator":"part2"}}}
  }
}