{
  "format_version":"1.10.0",
  "minecraft:attachable":{
    "description":{
      "identifier":"serp:mega_ring",
      "materials":{"default":"entity_alphatest"},
      "textures":{"equipped":"textures/entity/mega_ring"},
      "geometry":{"equipped":"geometry.serpmegaring"},
      "animations":{"b":"animation.serpitem.b"},
      "scripts":{"animate":["b"]},
      "render_controllers":[{"controller.render.bracelets":"(c.is_first_person&&(q.get_equipped_item_name('off_hand')=='mega_ring'&&q.get_equipped_item_name('main_hand')=='')||q.get_equipped_item_name('main_hand')=='mega_ring')||!c.is_first_person"}]
    }
  }
}