{
  "format_version":"1.10.0",
  "minecraft:attachable":{
    "description":{
      "identifier":"serp:apricorn_white",
      "materials":{"default":"entity_alphatest"},
      "textures":{"default":"pokeitems/items/poke/white_apricorn"},
      "geometry":{"default":"geometry.serpitem"},
      "animations":{"fm":"animation.serpitem.fm","tm":"animation.serpitem.tm"},
      "scripts":{"animate":[{"fm":"c.is_first_person"},{"tm":"!c.is_first_person"}]},
      "render_controllers":["controller.render.default"]
    }
  }
}